Date,Alexander Lake (1267) Air Temperature Minimum (degC),Alexander Lake (1267) Air Temperature Average (degC),Alexander Lake (1267) Air Temperature Maximum (degC),Alexander Lake (1267) Precipitation Accumulation (mm) Start of Day Values,Alexander Lake (1267) Precipitation Increment - Snow-adj (mm),Alexander Lake (1267) Snow Depth (cm) Start of Day Values,Alexander Lake (1267) Snow Density (pct) Start of Day Values
01/10/2014,,,,0,0,0,
02/10/2014,,,,0,0,0,
03/10/2014,,,,0,0,0,
04/10/2014,,,,0,0,0,
05/10/2014,1.2,3.6,6.8,0,0,0,
06/10/2014,-1.1,2.5,6.2,0,0,0,
07/10/2014,-5.3,-0.7,5,0,0,0,
08/10/2014,-7.3,-2.6,3.2,0,0,0,
09/10/2014,-6,-0.3,3.9,0,5,0,
10/10/2014,0.9,2.2,3.3,5,25,0,
11/10/2014,2.8,4.5,6.9,30,13,0,
12/10/2014,1.4,3.9,6.4,43,0,0,
13/10/2014,2.1,4.1,7.2,43,0,0,
14/10/2014,1.4,4.3,8.9,43,0,0,
15/10/2014,-2.6,1.2,4.6,43,0,0,
16/10/2014,-2.7,0.4,2.7,43,0,0,
17/10/2014,0.2,3.3,7.8,43,0,0,
18/10/2014,-1.7,1.3,5.9,43,0,0,
19/10/2014,-3.1,0.9,5.9,43,0,0,
20/10/2014,0.7,1.3,2.1,43,3,0,
21/10/2014,0.2,2.1,5.7,46,0,0,
22/10/2014,0.2,2.4,6.3,46,0,0,
23/10/2014,-2.8,0.3,4.1,46,0,0,
24/10/2014,-4.3,-1.5,1.6,46,0,0,
25/10/2014,-6,-1.9,3.1,46,0,0,
26/10/2014,-8.3,-4.3,0.9,46,0,0,
27/10/2014,-8.9,-5.4,0.1,46,0,0,
28/10/2014,-9.2,-4.6,1.5,46,0,0,
29/10/2014,-11.1,-6.2,-1.2,46,0,0,
30/10/2014,-8.7,-4.3,0.7,46,3,0,
31/10/2014,-9.6,-6,-2.9,48,3,0,
01/11/2014,-3.8,-0.9,2.2,51,0,0,
02/11/2014,-4.1,-0.9,2.8,51,3,0,
03/11/2014,-3.8,-0.6,2.2,53,0,0,
04/11/2014,-9.4,-2.9,3.4,53,0,0,
05/11/2014,-10.7,-5.1,0.4,53,0,0,
06/11/2014,-8.8,-4.2,0,53,0,0,
07/11/2014,-5.6,-1.3,1.2,53,3,0,
08/11/2014,-2.3,0.2,4.9,56,0,0,
09/11/2014,-1,1.1,4.2,56,3,0,
10/11/2014,-2.3,1.9,5.1,58,0,0,
11/11/2014,-0.9,2.3,3.8,58,5,0,
12/11/2014,-0.7,1.6,3.8,64,0,0,
13/11/2014,-5.4,-1.3,2.9,64,0,0,
14/11/2014,-8.8,-5.9,-1.1,64,0,0,
15/11/2014,-10.7,-7.9,-2.4,64,0,0,
16/11/2014,-9.5,-3.4,0.7,64,3,0,
17/11/2014,0.2,1.8,2.5,66,0,0,
18/11/2014,-0.7,1.9,5.3,66,3,0,
19/11/2014,1,2.5,5.8,69,0,0,
20/11/2014,0.1,1.1,2.5,69,0,0,
21/11/2014,-1.8,0.4,2.1,69,0,0,
22/11/2014,-2.1,-0.6,1.1,69,0,0,
23/11/2014,-3.7,-1,0.4,69,3,0,
24/11/2014,-2.3,-0.4,1.1,71,0,0,
25/11/2014,-8.1,-3.1,-1,71,0,0,
26/11/2014,-9.4,-5.6,-2.6,71,0,0,
27/11/2014,-13.7,-10.3,-6.9,71,0,0,
28/11/2014,-11.1,-7.7,-5.6,71,0,0,
29/11/2014,-13.7,-7.1,-4.2,71,3,0,
30/11/2014,-13.8,-10.7,-8.8,74,0,3,
01/12/2014,-10.9,-7.2,-3.7,74,8,3,
02/12/2014,-4.1,-3.2,-1.8,79,13,8,
03/12/2014,-2.9,-2.4,-1.6,91,5,18,
04/12/2014,-3.6,-1.7,-0.7,97,5,23,11.1
05/12/2014,-9.1,-5.1,-2.3,102,0,28,10.9
06/12/2014,-4.9,-2.9,0.3,102,0,25,12
07/12/2014,-1.4,0.6,1.5,102,5,23,13.3
08/12/2014,-2.1,1.1,3.6,107,0,25,13
09/12/2014,-2.3,-0.1,1.9,107,0,23,14.4
10/12/2014,-4.2,-1.6,0.9,107,0,23,14.4
11/12/2014,-4.7,-3.3,-1,107,0,23,14.4
12/12/2014,-8.3,-6.3,-4.1,107,0,20,16.2
13/12/2014,-8.8,-4.5,-0.6,107,0,20,16.2
14/12/2014,-0.7,0.6,1.6,107,8,20,16.2
15/12/2014,-1.6,0.7,1.5,114,0,23,16.7
16/12/2014,-5.5,-0.8,1.8,114,0,20,18.8
17/12/2014,-5.8,-2.1,-0.1,114,3,20,18.8
18/12/2014,-9.8,-7.2,-3.9,114,0,23,17.8
19/12/2014,-12.2,-8.2,-6.2,114,0,20,20
20/12/2014,-13.1,-10.2,-8.2,114,0,20,20
21/12/2014,-12.4,-7.9,-4.2,114,3,20,20
22/12/2014,-7.7,-2.8,-1.3,117,5,23,18.9
23/12/2014,-3.1,-2.3,-1.3,122,3,25,18
24/12/2014,-3.9,-3,-2.4,124,5,28,17.3
25/12/2014,-6.5,-2.7,0.4,127,10,30,17.5
26/12/2014,-7.3,-3.8,-2.7,137,0,41,15
27/12/2014,-14.6,-8.2,-4.6,137,0,38,16
28/12/2014,-7.9,-6.1,-1.9,137,0,36,17.1
29/12/2014,-2.8,-1.3,-0.2,137,0,36,17.1
30/12/2014,-1.1,0.5,1.2,137,20,33,18.5
31/12/2014,0.3,1.9,4.5,157,0,41,18.8
01/01/2015,-1.4,0.1,1.9,157,0,38,20
02/01/2015,-13.1,-6.5,-1.2,157,0,36,21.4
03/01/2015,-19.5,-11.2,-8.7,157,0,36,21.4
04/01/2015,-25.8,-22.2,-17.9,157,0,36,21.4
05/01/2015,-26.5,-24.4,-20.1,157,0,36,21.4
06/01/2015,-27.3,-23.9,-15.6,157,0,36,21.4
07/01/2015,-22.3,-16.2,-10.9,157,0,36,21.4
08/01/2015,-11.5,-4,-0.6,157,0,36,21.4
09/01/2015,-2.6,-0.5,1.4,157,0,36,21.4
10/01/2015,-1.1,-0.1,1.2,157,0,36,21.4
11/01/2015,-7.4,-2.5,0.7,157,0,36,21.4
12/01/2015,-11.1,-6,1.8,157,0,33,23.1
13/01/2015,-1.4,0.4,1.9,157,0,33,23.1
14/01/2015,-3.5,0.5,3.3,157,0,36,21.4
15/01/2015,-1.3,1.1,2.3,157,0,33,23.1
16/01/2015,-5.3,-1.9,0.8,157,0,33,23.1
17/01/2015,-5.4,-2.6,-0.5,157,3,33,23.1
18/01/2015,-5.1,-1.9,0.1,160,5,33,23.1
19/01/2015,-8.1,-3.1,-0.5,165,0,38,21.3
20/01/2015,-17.4,-8.4,-4.2,165,0,38,21.3
21/01/2015,-22.3,-15.1,-8.4,165,0,36,22.9
22/01/2015,-20.3,-13,-7.9,165,0,36,22.9
23/01/2015,-11.1,-8.5,-7.3,165,18,36,22.9
24/01/2015,-16.3,-11.3,-8.9,183,0,56,17.3
25/01/2015,-33.8,-19.3,-12.8,183,0,53,18.1
26/01/2015,-38.7,-25.2,-16.4,183,0,51,19
27/01/2015,-26.6,-19.7,-14.3,183,0,51,19
28/01/2015,-28.7,-20.3,-11.7,183,0,51,19
29/01/2015,-26.8,-15.4,-7.9,183,0,48,20
30/01/2015,-22.9,-15.1,-9.9,183,0,48,20
31/01/2015,-26.6,-15.8,-3.8,183,0,48,20
01/02/2015,-19.6,-9.9,-2.2,183,0,48,20
02/02/2015,-24.9,-18.6,-9.8,183,0,46,21.1
03/02/2015,-27.7,-21.9,-11.1,183,0,46,21.1
04/02/2015,-29.4,-22.5,-12,183,0,46,21.1
05/02/2015,-25.7,-11.3,-2.7,183,0,46,21.1
06/02/2015,-15.9,-9.6,-4.2,183,0,46,21.1
07/02/2015,-15.6,-12.9,-10.1,183,0,46,21.1
08/02/2015,-17.2,-14.8,-12.7,183,0,46,21.1
09/02/2015,-19.2,-12.8,-8.3,183,0,46,21.1
10/02/2015,-8.3,-4.8,-2.4,183,0,46,21.1
11/02/2015,-6.9,-2.3,1.4,183,0,46,21.1
12/02/2015,-4.3,-1.1,1.3,183,5,46,21.1
13/02/2015,-7,-2.1,-0.1,188,0,51,20
14/02/2015,-8.7,-3.6,0.6,188,0,51,20
15/02/2015,-0.4,0.8,2.5,188,3,48,21.1
16/02/2015,0.5,1.7,3.4,190,3,48,21.1
17/02/2015,0.9,3.4,6.9,193,0,48,21.1
18/02/2015,-7.4,-2.1,2.9,193,0,46,22.2
19/02/2015,-15.4,-8.1,-0.5,193,0,46,22.2
20/02/2015,-11.2,-3.7,2.6,193,0,46,22.2
21/02/2015,0.6,1.2,1.6,193,23,46,22.2
22/02/2015,1.1,2.2,4.7,216,23,48,22.6
23/02/2015,-2.8,2.7,5.8,239,0,46,23.9
24/02/2015,-8.7,-3.6,1.8,239,0,43,25.3
25/02/2015,-9.9,-4.8,0.7,239,0,43,25.3
26/02/2015,-15.1,-9.1,-2.7,239,0,43,25.3
27/02/2015,-17.3,-8.8,-1.4,239,0,43,25.3
28/02/2015,-12.2,-3.9,-0.7,239,0,43,25.3
01/03/2015,-14.8,-7.3,0.5,239,0,43,25.3
02/03/2015,-10.7,-4.2,0.7,239,3,43,25.3
03/03/2015,-2.3,0.1,3.1,241,0,43,25.3
04/03/2015,0.8,1.6,3.7,241,3,43,25.3
05/03/2015,1,2.2,5.2,244,0,43,25.3
06/03/2015,-1.9,1.2,3.4,244,0,41,26.9
07/03/2015,-5.1,2.2,5.8,244,0,41,26.9
08/03/2015,-12.1,-5,-0.7,244,0,38,28.7
09/03/2015,-15.1,-9.9,-4.9,244,0,38,28.7
10/03/2015,-17.4,-12.6,-6.7,244,0,38,28.7
11/03/2015,-19.9,-14.1,-7.3,244,0,38,28.7
12/03/2015,-17.4,-14.3,-9.7,244,0,38,28.7
13/03/2015,-18.9,-15.1,-10.2,244,0,38,28.7
14/03/2015,-24.7,-16.8,-9.6,244,0,38,28.7
15/03/2015,-24.4,-16.7,-11,244,3,38,28.7
16/03/2015,-11,-4.1,2.9,246,3,41,27.5
17/03/2015,-2.8,1.9,5.3,249,0,43,26.5
18/03/2015,-4,0.9,5.1,249,0,43,25.9
19/03/2015,-5.3,1.1,9.2,249,0,41,26.9
20/03/2015,-7.4,0.1,6.6,249,0,41,26.2
21/03/2015,-9.7,-0.7,6.4,249,0,41,25.6
22/03/2015,-3.8,0.1,6.3,249,0,41,25
23/03/2015,-7.3,-0.6,7.6,249,3,38,26.7
24/03/2015,-9.3,-0.5,6.7,251,0,38,27.3
25/03/2015,-6.9,-0.4,5.3,251,0,41,25.6
26/03/2015,-3.2,1.4,6.4,251,0,41,25.6
27/03/2015,-0.8,3.2,8.3,251,0,38,27.3
28/03/2015,-2.7,1.7,6.9,251,0,36,29.3
29/03/2015,-3.6,1.3,6.6,251,0,36,29.3
30/03/2015,-2.3,2.6,9.1,251,0,33,29.2
31/03/2015,-3.6,2.1,8.6,251,0,33,27.7
01/04/2015,-1.9,1.7,5.1,251,0,30,27.5
02/04/2015,-3.2,2.7,7.9,251,0,30,25.8
03/04/2015,-0.8,2.8,6.7,251,0,25,24
04/04/2015,-5.8,0.8,5.6,251,0,23,20
05/04/2015,-3.3,0.8,4.4,251,0,20,17.5
06/04/2015,0.7,2.1,4.7,251,3,20,16.2
07/04/2015,0.2,4.1,8.9,254,0,18,17.1
08/04/2015,0.3,1.6,4.7,254,3,13,
09/04/2015,0.1,2.5,5.4,257,0,13,
10/04/2015,-1.3,3.9,8.8,257,0,13,
11/04/2015,-4.4,1.9,8.4,257,0,3,
12/04/2015,-0.2,2.8,8.2,257,3,0,
13/04/2015,-2.1,1.6,6.3,259,0,0,
14/04/2015,-4.1,1,6.2,259,0,0,
15/04/2015,-0.6,3.9,9.4,259,0,0,
16/04/2015,1.4,3.2,5.8,259,3,0,
17/04/2015,1.3,4.4,9.1,262,0,0,
18/04/2015,1.8,3.3,6.2,262,0,0,
19/04/2015,1.6,5.2,8.8,262,5,0,
20/04/2015,-0.2,2.3,5.6,267,5,0,
21/04/2015,-1.8,0.8,5.7,269,0,3,
22/04/2015,-1.2,3.5,10.3,269,0,3,
23/04/2015,-2.8,3.8,10,269,0,0,
24/04/2015,-3.6,4.3,11.9,269,0,0,
25/04/2015,-2.6,4.9,13.3,269,0,0,
26/04/2015,0.2,6.7,12.6,269,0,0,
27/04/2015,1,6.8,13.3,269,0,0,
28/04/2015,0,7.1,15.6,269,0,0,
29/04/2015,0,5.9,11.7,269,0,0,
30/04/2015,2.2,6.1,11.4,269,3,0,
01/05/2015,0.9,6.6,14,272,0,0,
02/05/2015,-0.3,7.3,15.7,272,0,0,
03/05/2015,1.2,8.7,15.3,272,0,0,
04/05/2015,1.7,9.2,17.2,272,0,0,
05/05/2015,1.5,8,14.4,272,0,0,
06/05/2015,2.6,9.2,14.6,272,0,0,
07/05/2015,4.4,7.5,11.2,272,0,0,
08/05/2015,5.8,6.4,6.8,272,30,0,
09/05/2015,4.7,8.1,12.3,302,18,0,
10/05/2015,1.7,8.4,14.6,320,0,0,
11/05/2015,3,9.4,16.1,320,0,0,
12/05/2015,6.9,12.5,19.2,320,0,0,
13/05/2015,4,11.1,17.9,320,0,0,
14/05/2015,7.7,9.8,12.7,320,0,0,
15/05/2015,7.3,11.7,17.9,320,0,0,
16/05/2015,7.6,11.8,16.5,320,0,0,
17/05/2015,3.7,11.2,18.4,320,0,0,
18/05/2015,3.5,11.9,19.6,320,0,0,
19/05/2015,5.9,11.3,16.8,320,0,0,
20/05/2015,3.9,10.8,16.2,320,0,0,
21/05/2015,6.3,12.9,20.1,320,0,0,
22/05/2015,5.9,14.7,23.3,320,0,0,
23/05/2015,7.8,10.5,14,320,8,0,
24/05/2015,8.3,11.4,15.4,328,0,0,
25/05/2015,8.4,11.7,17.3,328,0,0,
26/05/2015,6.3,11.9,17.9,328,0,0,
27/05/2015,3.8,11.8,20.3,328,0,0,
28/05/2015,5.6,12.6,20.3,328,0,0,
29/05/2015,5.2,14.7,23.5,328,0,0,
30/05/2015,7.1,16.8,26,328,0,0,
31/05/2015,8.1,17.8,27.2,328,0,0,
01/06/2015,10.1,16,22.9,328,0,0,
02/06/2015,9.3,11.4,12.9,328,0,0,
03/06/2015,7.7,10.8,14.9,328,0,0,
04/06/2015,7.6,8.9,10.6,328,8,0,
05/06/2015,7,9.4,12.7,335,0,0,
06/06/2015,6,10.3,16.3,335,3,0,
07/06/2015,7.4,12.1,17.9,338,0,0,
08/06/2015,8.3,10.7,14.8,338,0,0,
09/06/2015,7.2,10.1,13.1,338,3,0,
10/06/2015,6.8,10.7,15.1,340,0,0,
11/06/2015,8.3,11.7,17.7,340,0,0,
12/06/2015,8.3,14,21.4,340,0,0,
13/06/2015,7.3,16.8,24.6,340,0,0,
14/06/2015,11.2,19.9,27.6,340,0,0,
15/06/2015,12.2,21.8,30.2,340,0,0,
16/06/2015,13,21.4,30.6,340,0,0,
17/06/2015,12.3,21.6,30.1,340,0,0,
18/06/2015,10.6,19.8,29.8,340,0,0,
19/06/2015,11.7,17.6,22.7,340,0,0,
20/06/2015,10.2,15.7,21.9,340,0,0,
21/06/2015,11.2,15.6,21.2,340,0,0,
22/06/2015,10.9,15.6,21.9,340,0,0,
23/06/2015,9.3,16.5,24.2,340,0,0,
24/06/2015,8.5,16.5,26.5,340,0,0,
25/06/2015,11.5,18.3,24.5,340,0,0,
26/06/2015,11.1,15.2,20.2,340,0,0,
27/06/2015,10.4,14.2,21.4,340,0,0,
28/06/2015,9.7,15.3,21.5,340,0,0,
29/06/2015,10.9,15.3,21.7,340,0,0,
30/06/2015,8.4,14.7,21.6,340,0,0,
01/07/2015,9.8,11.6,13.5,340,3,0,
02/07/2015,9.2,11.3,14.3,343,13,0,
03/07/2015,8.9,15,22,356,0,0,
04/07/2015,12.8,15.2,18.5,356,0,0,
05/07/2015,12.1,17.5,24.4,356,0,0,
06/07/2015,13.4,19,26.4,356,0,0,
07/07/2015,13.6,16.3,21.2,356,0,0,
08/07/2015,10.4,14.1,17.7,356,0,0,
09/07/2015,10.6,14.8,19.8,356,0,0,
10/07/2015,9.8,15.9,23.6,356,0,0,
11/07/2015,9.1,15,22,356,3,0,
12/07/2015,11.4,15.2,22.8,358,5,0,
13/07/2015,10.5,14,21.9,363,18,0,
14/07/2015,9.9,13.9,19.3,381,0,0,
15/07/2015,6.5,13.1,19.3,381,0,0,
16/07/2015,10.1,12.1,15.3,381,8,0,
17/07/2015,10.4,12.8,16.4,389,3,0,
18/07/2015,11.3,14.7,18.3,391,0,0,
19/07/2015,8.3,16.2,24.5,391,0,0,
20/07/2015,11.1,17.6,24.7,391,0,0,
21/07/2015,8.4,15.9,23.3,391,0,0,
22/07/2015,11.4,13.9,17.9,391,3,0,
23/07/2015,11.8,16.8,25.1,394,0,0,
24/07/2015,10,18.3,27.3,394,0,0,
25/07/2015,10.3,15.9,22.7,394,3,0,
26/07/2015,10.2,13.3,17.6,396,10,0,
27/07/2015,8.6,13.3,20.2,406,0,0,
28/07/2015,11.7,13.7,18.9,406,23,0,
29/07/2015,11.8,14.7,20,429,0,0,
30/07/2015,10.3,15.9,22.8,429,0,0,
31/07/2015,8.9,15.7,25.2,429,0,0,
01/08/2015,8.9,17.9,25.9,429,0,0,
02/08/2015,11.9,18.6,26.1,429,0,0,
03/08/2015,10.7,18.2,27.7,429,0,0,
04/08/2015,,,,429,0,0,
05/08/2015,,,,429,0,0,
06/08/2015,,,,429,0,0,
07/08/2015,,,,429,0,0,
08/08/2015,11.7,15.6,19.9,429,0,0,
09/08/2015,11.9,13.2,15.4,429,3,0,
10/08/2015,7.1,14,19.8,432,0,0,
11/08/2015,6.4,13,20.6,432,0,0,
12/08/2015,8.2,14.4,21.8,432,0,0,
13/08/2015,10.8,15.6,22.3,432,0,0,
14/08/2015,10.3,15.5,23.1,432,0,0,
15/08/2015,9.3,11.8,14,432,8,0,
16/08/2015,10.9,12.6,14.6,439,3,0,
17/08/2015,11.4,12.7,14.9,442,8,0,
18/08/2015,10.3,15,21.2,450,0,0,
19/08/2015,8.8,14.1,20.4,450,0,0,
20/08/2015,,,,450,0,0,
21/08/2015,,,,450,3,0,
22/08/2015,,,,452,0,0,
23/08/2015,,,,452,0,0,
24/08/2015,,,,452,0,0,
25/08/2015,,,,452,0,0,
26/08/2015,,,,452,0,0,
27/08/2015,,,,452,0,0,
28/08/2015,,,,452,0,0,
29/08/2015,,,,452,0,0,
30/08/2015,,,,452,0,0,
31/08/2015,,,,452,0,0,
01/09/2015,,,,452,0,0,
02/09/2015,,,,452,0,0,
03/09/2015,,,,452,10,0,
04/09/2015,,,,462,8,0,
05/09/2015,,,,470,0,0,
06/09/2015,,,,470,0,0,
07/09/2015,,,,470,0,0,
08/09/2015,,,,470,20,0,
09/09/2015,,,,490,10,0,
10/09/2015,,,,500,5,0,
11/09/2015,,,,505,0,0,
12/09/2015,,,,505,13,0,
13/09/2015,,,,518,5,0,
14/09/2015,,,,523,5,0,
15/09/2015,,,,528,8,0,
16/09/2015,,,,536,0,0,
17/09/2015,,,,536,5,0,
18/09/2015,,,,541,8,0,
19/09/2015,,,,549,0,0,
20/09/2015,,,,549,0,0,
21/09/2015,,,,549,0,0,
22/09/2015,,,,549,0,0,
23/09/2015,,,,549,0,0,
24/09/2015,,,,549,0,0,
25/09/2015,0,2.1,3.5,549,0,0,
26/09/2015,0.1,3.2,5.5,549,0,0,
27/09/2015,3.6,4.3,4.9,549,15,0,
28/09/2015,4.8,6.1,7.8,564,20,0,
29/09/2015,1,2.6,4.9,584,20,0,
30/09/2015,0.7,4,7.2,605,0,0,
01/10/2015,-3.5,1.6,5.7,0,0,0,
02/10/2015,0.8,1.4,1.9,0,15,0,
03/10/2015,1.1,2.1,3.1,15,20,0,
04/10/2015,2.7,4.1,5.5,36,5,0,
05/10/2015,2.9,5.1,7.6,41,0,0,
06/10/2015,-0.5,4.2,8.6,41,0,0,
07/10/2015,4.4,5.7,6.9,41,13,0,
08/10/2015,5,6.8,10.4,53,3,0,
09/10/2015,5.2,8.1,12.1,56,0,0,
10/10/2015,4.6,6.7,10.6,56,3,0,
11/10/2015,4.8,6.1,7.7,58,8,0,
12/10/2015,-0.1,2.6,5,66,0,0,
13/10/2015,2.6,3.8,5.3,66,0,0,
14/10/2015,3.1,5.7,9.8,66,5,0,
15/10/2015,3,5.4,7.7,71,0,0,
16/10/2015,4.2,5.2,6.3,71,3,0,
17/10/2015,4.7,5.7,7.2,74,3,0,
18/10/2015,3.4,6.4,8.2,76,8,0,
19/10/2015,3,5.9,9.7,84,3,0,
20/10/2015,2.7,5.2,7.7,86,0,0,
21/10/2015,-1.8,2.4,9,86,3,0,
22/10/2015,-4.2,0.1,5.4,89,5,0,
23/10/2015,-0.1,2.3,5.1,94,3,0,
24/10/2015,3.2,4.4,6,97,3,0,
25/10/2015,1,3.5,6.1,99,0,0,
26/10/2015,1.1,2.8,4.7,99,0,0,
27/10/2015,1.3,3.4,9,99,0,0,
28/10/2015,0.8,4.4,8.7,99,0,0,
29/10/2015,0.1,3,6.8,99,3,0,
30/10/2015,-1.3,-0.7,0.9,102,8,0,
31/10/2015,-6.3,-1.7,1.1,109,0,8,
01/11/2015,-7.2,-4.7,-2.4,109,3,8,
02/11/2015,-9.6,-4.4,-1.9,112,3,8,
03/11/2015,-8.2,-2.6,1.3,114,3,8,
04/11/2015,-8.3,-3.7,-1.8,114,3,8,
05/11/2015,-2.7,-0.4,0.9,117,38,8,
06/11/2015,-2.6,0.5,3.1,155,3,28,13.6
07/11/2015,-8.8,-3.1,1.1,157,0,23,17.8
08/11/2015,-10.9,-6.2,-4,157,23,23,17.8
09/11/2015,-5.3,-3.4,-1,180,0,38,15.3
10/11/2015,-5.6,-3.6,-1.6,180,0,36,16.4
11/11/2015,-5.2,-4.6,-3.7,180,0,33,17.7
12/11/2015,-7.9,-5.1,-2.4,180,0,30,19.2
13/11/2015,-10.9,-7.1,-4.3,180,0,30,19.2
14/11/2015,-17.8,-13.2,-8.1,180,0,30,19.2
15/11/2015,-27.8,-22.8,-17,180,0,28,20.9
16/11/2015,-30.1,-25.4,-17.4,180,0,28,20.9
17/11/2015,-31.3,-27.1,-18.9,180,0,28,20.9
18/11/2015,-32.6,-26.6,-18.1,180,0,28,20.9
19/11/2015,-18.1,-13.3,-10.2,180,25,28,20.9
20/11/2015,-10.2,-7,-3.9,206,20,51,16
21/11/2015,-6.4,-3.1,-0.9,226,0,58,15.2
22/11/2015,-19.1,-11.8,-3.9,226,0,56,15.9
23/11/2015,-10.6,-8.8,-6.8,226,13,53,16.7
24/11/2015,-7.1,-3,4.7,239,20,61,16.7
25/11/2015,0.6,2.7,4.9,259,36,64,18.8
26/11/2015,0.5,0.9,1.6,295,25,71,18.6
27/11/2015,0.3,1.9,4.1,320,3,66,23.5
28/11/2015,-0.5,0.7,1.8,323,3,61,25.4
29/11/2015,,,,325,0,58,26.5
30/11/2015,-6.2,-4.4,-2.9,325,0,,
01/12/2015,-13.2,-7.1,-3.8,325,0,56,27.7
02/12/2015,-13.4,-7,-3.6,325,0,56,27.7
03/12/2015,-3.8,-2.8,-1.8,325,0,56,27.7
04/12/2015,-7.3,-5.7,-2.7,325,0,56,27.7
05/12/2015,-10.7,-6.7,-4.4,325,0,56,27.7
06/12/2015,-19,-11.3,-8.7,325,0,56,27.7
07/12/2015,-22.9,-18.4,-11.7,325,0,53,29
08/12/2015,-14.2,-10.8,-8.8,325,0,56,27.7
09/12/2015,-16.4,-10.8,-6.2,325,0,53,29
10/12/2015,-15.2,-7.9,-4.6,325,0,53,29
11/12/2015,-17.6,-10.8,-5.8,325,0,56,27.7
12/12/2015,-15.4,-8.3,-5.9,325,3,53,29
13/12/2015,-17.4,-9.1,-4.8,328,8,56,28.2
14/12/2015,-4.8,-4.1,-3.1,335,5,61,26.2
15/12/2015,-4,-3.5,-2.5,340,8,64,25.6
16/12/2015,-5.1,-4.1,-3.3,348,0,71,23.9
17/12/2015,-11,-4.4,-1.6,348,0,69,24.8
18/12/2015,-12.1,-6.9,-4.2,348,0,69,24.8
19/12/2015,-8.4,-3.5,-0.7,348,0,66,25.8
20/12/2015,-22.4,-14.8,-6.5,348,0,66,25.8
21/12/2015,-23.7,-18.4,-13.7,348,0,64,26.8
22/12/2015,-29.2,-24.2,-19.2,348,0,64,26.8
23/12/2015,-34.3,-26.6,-22.6,348,0,64,26.8
24/12/2015,-34.8,-26.2,-15.7,348,0,64,26.8
25/12/2015,-16.1,-11.3,-6.2,348,0,64,26.8
26/12/2015,-11.7,-6.8,-2.8,348,0,64,26.8
27/12/2015,-18.6,-8.7,-2.1,348,0,61,27.9
28/12/2015,-2.3,0.2,3.2,348,15,61,27.9
29/12/2015,-4.1,1.9,5.6,363,3,66,26.9
30/12/2015,-3.3,2.3,5.9,363,0,64,28.4
31/12/2015,-4.3,1.6,3,363,5,61,29.6
01/01/2016,-3.9,-0.7,1.2,368,3,61,30
02/01/2016,0.7,2.7,4.7,371,3,61,30
03/01/2016,-4.3,0.1,3.9,373,0,61,30.4
04/01/2016,-3.9,-0.3,1.4,373,0,61,30.4
05/01/2016,-7,-0.4,3.7,373,0,61,30.4
06/01/2016,-16.2,-12,-4.4,373,0,61,30.4
07/01/2016,-18.2,-15.1,-11.9,373,0,61,30.4
08/01/2016,-20.2,-13.4,-7.3,373,0,61,30.4
09/01/2016,-9.7,-5.9,-3.4,373,0,61,30.4
10/01/2016,-5.1,-0.1,3.1,373,0,61,30.4
11/01/2016,-5.3,0.7,2.9,373,3,61,30.4
12/01/2016,-5.3,-2.2,0,376,5,61,30.4
13/01/2016,-9.8,-1.4,0,381,3,66,28.8
14/01/2016,-16.3,-11,-5.5,384,0,69,28.1
15/01/2016,-19.9,-13.8,-9.3,384,0,69,28.1
16/01/2016,-23.4,-12.7,-6.1,384,0,69,28.1
17/01/2016,-8.2,-6,-3.1,384,0,66,29.2
18/01/2016,-11.8,-5.6,-1.6,384,0,66,29.2
19/01/2016,-14.1,-5.7,-1.1,384,0,66,29.2
20/01/2016,-15,-7.9,-4.4,384,0,66,29.2
21/01/2016,-9.7,-5.4,-2.6,384,0,66,29.2
22/01/2016,-17.1,-8.9,-4.7,384,0,66,29.2
23/01/2016,-10.6,-6.2,-3.2,384,0,66,29.2
24/01/2016,-6.1,-2.2,0.1,384,3,66,29.2
25/01/2016,-9.3,-0.8,2.8,386,0,69,28.5
26/01/2016,-13.6,-8.9,-5.1,386,0,69,28.5
27/01/2016,-9.6,1.1,4.1,386,0,69,28.5
28/01/2016,-0.6,1.8,3.3,386,3,69,28.5
29/01/2016,-8.3,-2.6,1.3,389,0,66,30
30/01/2016,-5.1,-2.6,-1.2,389,0,66,30
31/01/2016,-15.4,-5.1,-0.6,389,0,66,30
01/02/2016,-19.5,-15.2,-8.2,389,0,66,30
02/02/2016,-20.5,-12.4,-4.9,389,0,66,30
03/02/2016,-10.3,-4.7,-0.6,389,0,66,30
04/02/2016,-5.4,-1.9,2.1,389,0,66,30
05/02/2016,-9,-2.8,1.4,389,0,66,30
06/02/2016,-2.2,-1,0.6,389,0,66,30
07/02/2016,-4.6,-1.9,0.2,389,0,66,30
08/02/2016,-7.1,-2.4,-0.2,389,0,66,30
09/02/2016,-13.6,-6.7,-0.7,389,0,66,30
10/02/2016,-7.9,-3.6,-0.7,389,0,66,30
11/02/2016,-5.4,-0.9,1.2,389,0,66,30
12/02/2016,-4.8,-1.2,1.7,389,0,66,30
13/02/2016,-4.4,-1.2,1.7,389,3,66,30
14/02/2016,-2.3,-0.2,1.7,391,0,69,29.3
15/02/2016,-8.5,-2.1,2.7,391,0,69,29.3
16/02/2016,-16.8,-9.7,-0.1,391,0,69,29.3
17/02/2016,-20.4,-12.1,-4.7,391,0,69,29.3
18/02/2016,-16.4,-10,-2.8,391,0,69,29.3
19/02/2016,-22.4,-12.5,-4.3,391,0,69,29.3
20/02/2016,-10.3,-4.2,0.6,391,0,66,30.4
21/02/2016,-0.6,1.2,5,391,5,66,30.4
22/02/2016,-2.1,1.6,4.2,396,3,69,29.3
23/02/2016,-4.4,-0.1,2.1,399,0,69,29.3
24/02/2016,-1.6,1.5,6.2,399,0,69,29.3
25/02/2016,0.4,2.8,4.6,399,3,69,29.3
26/02/2016,-3.1,0.7,4.4,401,0,66,30.8
27/02/2016,-5.7,1.3,5.3,401,0,66,30.8
28/02/2016,-3.4,2.6,6.4,401,0,66,30.8
29/02/2016,-5.4,-0.9,3.8,401,0,66,30.8
01/03/2016,-8.8,-2.5,3.8,401,0,66,30.8
02/03/2016,-6.3,-1.4,5,401,3,66,30.8
03/03/2016,-9,-3.3,3.6,401,0,66,31.2
04/03/2016,-11.1,-5.3,-1.8,401,0,66,31.2
05/03/2016,-6.6,-2.1,1.1,401,0,66,31.2
06/03/2016,-7.1,-1.8,4.4,401,0,66,31.2
07/03/2016,-6.1,-1.1,3,401,0,66,31.2
08/03/2016,-1.6,1.1,4.7,401,0,66,31.2
09/03/2016,-4.8,-0.4,5.9,401,0,66,31.2
10/03/2016,-7.2,-0.1,5,401,0,66,31.2
11/03/2016,-6.7,-0.3,4.3,401,0,66,31.2
12/03/2016,-3.4,0.4,5.8,401,0,66,31.2
13/03/2016,-10.8,-2.7,5.7,401,0,66,31.2
14/03/2016,-12.7,-4.6,3.9,401,0,66,31.2
15/03/2016,-8.9,-1.9,4.8,401,0,66,31.2
16/03/2016,-7.5,-4,-0.1,401,0,66,31.2
17/03/2016,-12.7,-6.8,0.1,401,0,66,31.2
18/03/2016,-15.7,-6.7,0.7,401,0,66,31.2
19/03/2016,-12.8,-7.3,-1.6,401,8,66,31.2
20/03/2016,-8.8,-3.1,3.1,406,8,71,30
21/03/2016,-1.7,2.4,7.3,414,0,74,29.3
22/03/2016,-3.2,3.2,9.3,414,0,71,30.4
23/03/2016,-5.2,2.8,9.4,414,0,69,31.5
24/03/2016,-1.5,3.1,7.8,414,0,69,31.5
25/03/2016,1,2.9,5.6,414,0,66,32.7
26/03/2016,-2.4,1.7,7.9,414,0,66,32.7
27/03/2016,-2.7,0.9,4.4,414,10,64,34
28/03/2016,0.7,1.2,2.7,424,25,71,31.1
29/03/2016,0.8,3,7.5,450,3,81,30
30/03/2016,0.8,3.1,5.9,452,10,74,33.1
31/03/2016,-1.7,3.6,9.7,462,0,69,34.8
01/04/2016,1.8,5.2,10.1,462,3,66,35.8
02/04/2016,1.2,4.7,7.4,465,0,61,35.8
03/04/2016,-0.3,3.3,8,465,0,53,38.1
04/04/2016,-1.7,3.2,8.6,465,0,51,38
05/04/2016,0.3,5.7,13.4,465,0,48,38.4
06/04/2016,-0.4,4.4,9.7,465,0,46,38.3
07/04/2016,-1.3,3.9,8.9,465,0,43,38.2
08/04/2016,-2.8,4.4,10.6,465,0,41,38.1
09/04/2016,1.6,3.3,5.1,465,5,36,39.3
10/04/2016,1.9,5.1,10.1,470,0,36,37.1
11/04/2016,-0.4,4.4,9.4,470,0,33,36.2
12/04/2016,-0.4,5.3,10,470,0,30,34.2
13/04/2016,1.6,5.7,10.8,470,0,25,34
14/04/2016,1.3,5.2,10.9,470,3,23,33.3
15/04/2016,-0.1,5.7,13.7,472,0,15,35
16/04/2016,0.4,5.3,12,472,0,13,30
17/04/2016,1,5.3,10.8,472,0,8,
18/04/2016,-1.5,5.1,11.7,472,0,3,
19/04/2016,0.4,5.6,11.3,472,0,0,
20/04/2016,0.4,5.9,12.3,472,0,0,
21/04/2016,0.2,7.1,12.7,472,0,0,
22/04/2016,2.4,7.3,12.9,472,0,0,
23/04/2016,2.3,9.4,16.6,472,0,0,
24/04/2016,5.9,10.2,14.8,472,0,0,
25/04/2016,4.9,9.3,13.3,472,0,0,
26/04/2016,4.2,8.8,14.6,472,0,0,
27/04/2016,1.3,6.9,12.9,472,0,0,
28/04/2016,1.4,7.5,12.8,472,0,0,
29/04/2016,4.8,8.6,13.3,472,0,0,
30/04/2016,3.4,8.2,12.6,472,0,0,
01/05/2016,4.7,8.3,12.4,472,0,0,
02/05/2016,2.8,8.4,15.1,472,0,0,
03/05/2016,2.4,7.6,12.6,472,0,0,
04/05/2016,3.4,7.6,13.4,472,0,0,
05/05/2016,1.1,7,12.7,472,0,0,
06/05/2016,5.2,8.7,15.1,472,3,0,
07/05/2016,5.2,8.9,13.3,475,0,0,
08/05/2016,4.3,7.4,11.1,475,3,0,
09/05/2016,4.6,7.8,11.8,478,3,0,
10/05/2016,5.4,9.2,12.7,480,0,0,
11/05/2016,8.2,11.3,17.4,480,0,0,
12/05/2016,8.4,14.4,21.8,480,0,0,
13/05/2016,6.4,16.4,25.6,480,0,0,
14/05/2016,10,17.6,25.6,480,0,0,
15/05/2016,8.3,15.5,23.8,480,0,0,
16/05/2016,7.2,14.4,22,480,0,0,
17/05/2016,8.8,11.3,14.6,480,0,0,
18/05/2016,8.3,10.7,13.1,480,0,0,
19/05/2016,7.5,11.7,17,480,0,0,
20/05/2016,7.5,8.9,11.7,480,8,0,
21/05/2016,7.6,9.8,12.7,488,0,0,
22/05/2016,4.7,10.1,15.7,488,0,0,
23/05/2016,6.8,12,18.6,488,0,0,
24/05/2016,6.9,12.8,19.2,488,0,0,
25/05/2016,6.6,13.2,19.3,488,0,0,
26/05/2016,9.3,15.4,22.7,488,0,0,
27/05/2016,8.2,16.7,24.5,488,0,0,
28/05/2016,7.8,15.9,25.3,488,0,0,
29/05/2016,9.9,16.4,24.6,488,0,0,
30/05/2016,9.5,13.4,19.4,488,5,0,
31/05/2016,6.5,14,21.9,493,0,0,
01/06/2016,8.9,14.8,22.7,493,0,0,
02/06/2016,8.6,14.8,19.9,493,0,0,
03/06/2016,8.3,12.7,19.3,493,5,0,
04/06/2016,8.4,13.9,19.6,498,0,0,
05/06/2016,7.4,12.9,18.4,498,0,0,
06/06/2016,7.7,9.3,11.9,498,5,0,
07/06/2016,6.2,12.3,19.2,503,0,0,
08/06/2016,7.1,15.8,24.1,503,0,0,
09/06/2016,8.8,16.4,23.7,503,0,0,
10/06/2016,7.7,13.4,18.9,503,0,0,
11/06/2016,7.7,11.3,16.7,503,3,0,
12/06/2016,6.3,12.8,19.2,505,0,0,
13/06/2016,9.2,14.9,22.2,505,0,0,
14/06/2016,9.1,15.7,22.8,505,0,0,
15/06/2016,8.8,18,28.3,505,0,0,
16/06/2016,8.1,18.6,29.9,505,0,0,
17/06/2016,9.5,16.8,23.8,505,0,0,
18/06/2016,11.2,13.8,17.4,505,0,0,
19/06/2016,10.6,11.9,13.4,505,15,0,
20/06/2016,10.2,13.8,19.3,521,0,0,
21/06/2016,8.8,16.7,25.2,521,0,0,
22/06/2016,9.7,18.1,25.6,521,0,0,
23/06/2016,11.2,16.8,23.2,521,0,0,
24/06/2016,11.3,14.1,16.7,521,0,0,
25/06/2016,10.8,16.4,23.7,521,0,0,
26/06/2016,11.9,15.3,19.6,521,0,0,
27/06/2016,10.6,16.3,22.7,521,0,0,
28/06/2016,11.6,16.2,20.8,521,0,0,
29/06/2016,9,16.7,24.9,521,0,0,
30/06/2016,12.7,17.6,25.2,521,0,0,
01/07/2016,10.8,13.2,18.8,521,10,0,
02/07/2016,9.4,14.1,18.6,531,0,0,
03/07/2016,12.1,14.6,18.3,531,3,0,
04/07/2016,12.7,15.7,20.4,533,0,0,
05/07/2016,11.5,14.4,18.3,533,3,0,
06/07/2016,9.9,13.5,17.1,536,0,0,
07/07/2016,10.8,15.9,24.3,536,0,0,
08/07/2016,9.7,18.4,28,536,0,0,
09/07/2016,10.1,18.1,26.2,536,0,0,
10/07/2016,11.1,15.8,22.8,536,0,0,
11/07/2016,12.9,15.6,18.7,536,0,0,
12/07/2016,10.2,20.1,30.7,536,0,0,
13/07/2016,11.6,18.1,26.3,536,0,0,
14/07/2016,12.2,19.6,27.4,536,0,0,
15/07/2016,11.9,18.3,25,536,0,0,
16/07/2016,12.3,18.6,27.9,536,0,0,
17/07/2016,11.6,19.1,27.2,536,0,0,
18/07/2016,12,19.2,28.5,536,0,0,
19/07/2016,13.3,18.4,27,536,0,0,
20/07/2016,12.2,18.2,25.2,536,0,0,
21/07/2016,14.2,17.7,23.7,536,0,0,
22/07/2016,11.7,14.6,17.3,536,8,0,
23/07/2016,10.2,16.6,24.2,544,0,0,
24/07/2016,11.7,13.4,17.3,544,5,0,
25/07/2016,11.9,14.8,18.6,549,0,0,
26/07/2016,10.7,14.7,20.4,549,0,0,
27/07/2016,12.3,15.9,21.2,549,0,0,
28/07/2016,13.1,16.1,19.3,549,0,0,
29/07/2016,12.9,15.8,20.6,549,0,0,
30/07/2016,12.1,14.9,18.7,549,0,0,
31/07/2016,13.2,14.7,18.4,549,0,0,
01/08/2016,12.5,13.9,15.6,549,3,0,
02/08/2016,12.2,16.1,23.6,551,3,0,
03/08/2016,10.9,15.4,21.7,554,0,0,
04/08/2016,11.7,13.1,14.4,554,18,0,
05/08/2016,12.6,14.6,17.6,572,8,0,
06/08/2016,12.7,14.2,15.7,579,13,0,
07/08/2016,12.3,13.6,15.6,592,28,0,
08/08/2016,11.3,14.1,18.4,620,3,0,
09/08/2016,10.9,14.2,18.9,622,0,0,
10/08/2016,11.7,13.9,16.9,622,0,0,
11/08/2016,11.1,13,15.4,622,18,0,
12/08/2016,11.8,13.4,16.2,640,8,0,
13/08/2016,12.3,14.6,18.4,648,3,0,
14/08/2016,11.7,14.8,21.2,650,8,0,
15/08/2016,10.2,14.2,20.4,658,0,0,
16/08/2016,8,13.7,21.6,658,0,0,
17/08/2016,9.4,14,18.8,658,0,0,
18/08/2016,11.9,14.7,20.8,658,3,0,
19/08/2016,9.9,13.2,16.4,660,0,0,
20/08/2016,8.7,12.7,16.8,660,0,0,
21/08/2016,10.9,12.1,13.8,660,10,0,
22/08/2016,10.4,11.4,12.6,671,13,0,
23/08/2016,10.6,12.6,16.4,683,15,0,
24/08/2016,11.8,13.3,15.6,698,13,0,
25/08/2016,11.3,14.5,19.2,711,5,0,
26/08/2016,11.1,14.9,21.2,716,0,0,
27/08/2016,13,17.9,24.2,716,0,0,
28/08/2016,11.1,17.2,24.1,716,0,0,
29/08/2016,9.2,16.2,24,716,0,0,
30/08/2016,6.7,14.7,22.5,716,0,0,
31/08/2016,5.6,14.2,24.1,716,0,0,
01/09/2016,4.9,12.4,22.9,716,0,0,
02/09/2016,4.9,12.8,23.4,716,0,0,
03/09/2016,5.7,12.1,18.7,716,0,0,
04/09/2016,10.3,11.6,13.4,716,0,0,
05/09/2016,10.5,11.7,14.1,716,8,0,
06/09/2016,7.2,11.7,15.1,724,3,0,
07/09/2016,7.7,10.6,14.7,726,5,0,
08/09/2016,5.6,9.5,14.1,732,3,0,
09/09/2016,3.9,10.5,18,734,0,0,
10/09/2016,3.7,11.4,20.3,734,0,0,
11/09/2016,7.8,8.5,9.4,734,38,0,
12/09/2016,8.4,11.6,14.3,772,13,0,
13/09/2016,6.3,10.7,15.8,785,0,0,
14/09/2016,4.9,7.9,10,785,3,0,
15/09/2016,7.3,9.7,14.6,787,8,0,
16/09/2016,7.4,9.3,11.1,795,0,0,
17/09/2016,7.6,9.4,12.6,795,3,0,
18/09/2016,5.7,10.2,15.6,798,0,0,
19/09/2016,2.6,8.1,12.9,798,0,0,
20/09/2016,7.1,9.6,13.7,798,8,0,
21/09/2016,7.6,8.7,12.6,805,25,0,
22/09/2016,6.7,8.1,9.5,831,20,0,
23/09/2016,6.3,9.1,12.4,851,3,0,
24/09/2016,4.5,8.1,13.1,853,0,0,
25/09/2016,2.9,6.2,9,853,3,0,
26/09/2016,0.2,4.8,11,856,0,0,
27/09/2016,-0.8,4.6,11.1,856,0,0,
28/09/2016,-1.3,2.5,7.7,856,0,0,
29/09/2016,-1.4,4.3,11.4,856,0,0,
30/09/2016,-0.7,4.9,12.8,856,0,0,
01/10/2016,-1.3,3.4,8,0,3,0,
02/10/2016,3,5.7,10.3,3,3,0,
03/10/2016,1.8,5.6,9.9,5,0,0,
04/10/2016,2.4,7.7,13.4,5,0,0,
05/10/2016,1.5,6.5,12.2,5,0,0,
06/10/2016,-1.7,3.3,10.4,5,0,0,
07/10/2016,-4,1.9,10.3,5,0,0,
08/10/2016,-4.9,0.5,7.8,5,0,0,
09/10/2016,-3.1,1.7,6.9,5,0,0,
10/10/2016,-0.2,3.6,8.6,5,0,0,
11/10/2016,-1.8,1.3,6.5,5,0,0,
12/10/2016,-3.9,1.8,10.6,5,0,0,
13/10/2016,-4.2,2.1,12.2,5,0,0,
14/10/2016,-5,2.1,12.3,5,0,0,
15/10/2016,-2.1,2.9,8.6,5,0,0,
16/10/2016,-1.5,0.9,4.6,5,0,0,
17/10/2016,-1.6,0.7,4.2,5,0,0,
18/10/2016,-3.5,0.6,3.7,5,0,0,
19/10/2016,-1.9,0.4,4.9,5,0,0,
20/10/2016,-3.5,-0.4,2.4,5,0,0,
21/10/2016,-1.6,0.4,3.1,5,0,0,
22/10/2016,-2.3,0.6,4.6,5,0,0,
23/10/2016,-7.8,-2.9,4.1,5,0,0,
24/10/2016,-10.7,-4.4,4.5,5,0,0,
25/10/2016,-11.2,-6,0,5,0,0,
26/10/2016,-5.9,-2.1,4.4,5,0,0,
27/10/2016,-4.8,-0.3,6.7,5,0,0,
28/10/2016,-8.4,-2.9,0.6,5,3,0,
29/10/2016,0.2,1.6,2.7,8,3,0,
30/10/2016,1.6,2.9,4.7,10,3,0,
31/10/2016,-1.2,1.3,3.8,13,0,0,
01/11/2016,-1.1,2.6,6.9,13,0,0,
02/11/2016,-1,1.2,4.1,13,0,0,
03/11/2016,-4.3,-1.1,2.2,13,0,0,
04/11/2016,-4.1,-1.5,1,13,0,0,
05/11/2016,-5.3,-2.6,-0.6,13,3,0,
06/11/2016,-4.9,-1.5,0.3,15,0,0,
07/11/2016,-0.9,0.3,1.1,15,13,0,
08/11/2016,-0.8,1.2,2.6,28,0,8,
09/11/2016,-4.9,-0.5,3.4,28,3,5,
10/11/2016,-2.4,1.8,4.7,30,0,5,
11/11/2016,-1.4,1.7,3.2,30,5,5,
12/11/2016,-2.6,-0.1,2.5,36,3,5,
13/11/2016,0.5,2.2,3.7,38,5,5,
14/11/2016,-2.6,0.7,4.8,43,0,5,
15/11/2016,-2,-0.1,1.8,43,0,5,
16/11/2016,-5.3,-3.1,-1.3,43,0,5,
17/11/2016,-6.9,-3.6,-2.2,43,0,5,
18/11/2016,-9.2,-6.5,-4,43,0,5,
19/11/2016,-13,-8.6,-4.6,43,0,5,
20/11/2016,-13.8,-8.9,-2.8,43,0,5,
21/11/2016,-6.8,-3.4,-1.6,43,0,5,
22/11/2016,-14,-9.2,-5.9,43,0,5,
23/11/2016,-16.2,-13.2,-8.3,43,0,5,
24/11/2016,-17.7,-14.9,-11.4,43,0,5,
25/11/2016,-14.8,-9.3,-5.5,43,0,5,
26/11/2016,-16.6,-11,-5.4,43,0,5,
27/11/2016,-7.7,-5.4,-3.9,43,0,5,
28/11/2016,-17.3,-12.2,-7.6,43,0,5,
29/11/2016,-20.5,-15.8,-10.5,43,0,5,
30/11/2016,-23.3,-16.7,-9,43,0,5,
01/12/2016,-9,-6.1,-4.4,43,0,5,
02/12/2016,-9.5,-7.2,-5.3,43,0,5,
03/12/2016,-11.6,-9.9,-8.9,43,0,8,
04/12/2016,-19.1,-14.3,-11.1,43,0,5,
05/12/2016,-22.7,-18.3,-11.1,43,0,5,
06/12/2016,-12.4,-10.9,-9.4,43,0,5,
07/12/2016,-12.6,-8.1,-5.4,43,3,5,
08/12/2016,-14.2,-9.9,-7.7,46,0,8,
09/12/2016,-13.2,-9.7,-5.7,46,0,8,
10/12/2016,-14.6,-10.3,-8.2,46,0,5,
11/12/2016,-20.6,-15.6,-8.6,46,3,5,
12/12/2016,-22.4,-20,-15.8,48,0,8,
13/12/2016,-23.7,-18.1,-9.6,48,0,8,
14/12/2016,-14.7,-11.2,-8.7,48,0,8,
15/12/2016,-13.7,-10,-6.4,48,0,8,
16/12/2016,-6.4,-4.5,-2.7,48,18,8,
17/12/2016,-3.2,-2.2,-1.1,66,18,20,16.2
18/12/2016,-7.6,-4,-2.4,84,0,33,13.8
19/12/2016,-5.6,-4.1,-2.7,84,0,30,15
20/12/2016,-4.9,-4.2,-3.3,84,0,30,15
21/12/2016,-8.4,-5.9,-3.7,84,0,30,15
22/12/2016,-24.8,-16.1,-7.4,84,0,30,15
23/12/2016,-26.2,-23.3,-20,84,0,28,16.4
24/12/2016,-21.6,-12,-5.2,84,0,28,16.4
25/12/2016,-6,-3.3,0.6,84,0,25,18
26/12/2016,-6.4,-1.6,0.9,84,0,25,18
27/12/2016,-11.3,-9.3,-5.7,84,0,25,18
28/12/2016,-16.6,-8.9,-5.1,84,0,23,20
29/12/2016,-19.2,-12.8,-9.6,84,3,23,20
30/12/2016,-17.6,-12.3,-8.8,86,0,25,19
31/12/2016,-14.5,-11.5,-8.2,86,0,23,21.1
01/01/2017,-22.2,-17.8,-12.2,86,0,23,21.1
02/01/2017,-22.7,-19.6,-14.3,86,0,23,21.1
03/01/2017,-22,-19.2,-16.2,86,0,23,21.1
04/01/2017,-24.4,-19.5,-14.6,86,0,23,21.1
05/01/2017,-24.3,-13.2,-2.6,86,0,23,21.1
06/01/2017,-14.4,-10.2,-6.4,86,0,23,21.1
07/01/2017,-18.7,-12.7,-8.3,86,0,23,21.1
08/01/2017,-21.3,-15.6,-6,86,0,23,21.1
09/01/2017,-19.9,-16.4,-10.4,86,0,23,21.1
10/01/2017,-22.6,-20.1,-14.7,86,0,23,21.1
11/01/2017,-26.5,-22.8,-16.2,86,0,23,21.1
12/01/2017,-29,-25.8,-20.8,86,0,23,21.1
13/01/2017,-21.3,-10.2,-5.3,86,8,23,21.1
14/01/2017,-21.6,-6.9,-2.1,94,0,28,19.1
15/01/2017,-23.6,-14.9,-11.2,94,3,28,19.1
16/01/2017,-13.3,-11.1,-9.3,97,0,30,18.3
17/01/2017,-27.6,-20.6,-13.2,97,0,30,18.3
18/01/2017,-36.9,-30.9,-24.2,97,0,30,18.3
19/01/2017,-38.7,-33.6,-26.1,97,0,30,18.3
20/01/2017,-31.4,-18.7,-12.5,97,10,30,18.3
21/01/2017,-16.2,-11.9,-9.7,107,0,38,16.7
22/01/2017,-17.5,-13.9,-10.1,107,0,38,16.7
23/01/2017,-15.8,-9.8,-5.9,107,5,36,17.9
24/01/2017,-6.7,-3.5,-1.7,112,5,41,16.9
25/01/2017,-3.3,-1.3,0.8,117,0,43,16.5
26/01/2017,-1.6,1.1,3.8,117,0,43,16.5
27/01/2017,-5.9,-1.4,1,117,3,41,17.5
28/01/2017,-5.1,-1.9,-0.9,119,0,43,17.1
29/01/2017,-18.4,-10.2,-5.1,119,0,43,17.1
30/01/2017,-8.6,-6.6,-4.6,119,3,43,17.1
31/01/2017,-4.6,-2.3,-0.7,122,10,43,17.6
01/02/2017,-8.9,-2.6,-0.4,132,0,51,16.5
02/02/2017,-18.1,-11.2,-5.9,132,0,51,16.5
03/02/2017,-21.7,-15.4,-6.3,132,0,48,17.4
04/02/2017,-22.4,-16.9,-8.8,132,0,48,17.4
05/02/2017,-22.8,-18.3,-10.4,132,0,46,18.3
06/02/2017,-25.1,-19,-9.4,132,0,46,18.3
07/02/2017,-25.6,-19.8,-9.6,132,0,46,18.3
08/02/2017,-28.3,-19,-10.6,132,3,46,18.3
09/02/2017,-12.6,-8.8,-5.1,132,3,46,18.9
10/02/2017,-16.6,-13.8,-12.3,135,0,48,18.4
11/02/2017,-25.7,-16.7,-11.4,135,0,46,19.4
12/02/2017,-33.3,-20.7,-7.1,135,0,46,19.4
13/02/2017,-7.3,-3.3,0.8,135,23,46,19.4
14/02/2017,0.7,2.5,5.2,157,8,69,16.3
15/02/2017,-9.3,-0.4,2.7,165,18,58,20
16/02/2017,-6.3,-2.1,0.3,183,5,58,20
17/02/2017,-5,-1.8,0.7,188,8,58,20
18/02/2017,-4.3,-3,-0.7,196,0,64,19.2
19/02/2017,-8.7,-5.1,-2.6,196,0,64,19.2
20/02/2017,-16.5,-11,-8.7,196,0,64,19.2
21/02/2017,-31.4,-18.6,-11.4,196,0,64,19.2
22/02/2017,-11.8,-8.9,-5.6,196,3,64,19.2
23/02/2017,-13.1,-7.2,-4.5,198,0,66,18.8
24/02/2017,-13.7,-5.4,-1.3,198,0,66,18.8
25/02/2017,-9.8,-6.3,-3.4,198,0,64,19.6
26/02/2017,-6.4,-5.4,-3.6,198,0,64,19.6
27/02/2017,-9.9,-7.6,-5.3,198,0,61,20.4
28/02/2017,-11.2,-8.5,-4.3,198,0,61,20.4
01/03/2017,-13.9,-10.8,-7.4,198,0,61,20.4
02/03/2017,-15.9,-10.8,-3.2,198,0,61,20.4
03/03/2017,-14.8,-10.1,-4,198,0,61,20.4
04/03/2017,-25.9,-13.8,-2.8,198,0,58,21.3
05/03/2017,-19.1,-10.8,-4.4,198,0,58,21.3
06/03/2017,-21.2,-13.4,-5,198,0,58,21.3
07/03/2017,-19.4,-11.4,-3.6,198,0,58,21.3
08/03/2017,-14.7,-9.1,-1.7,198,0,58,21.3
09/03/2017,-15.7,-7.9,-0.4,198,0,58,21.3
10/03/2017,-19.9,-8.6,0.2,198,0,58,21.3
11/03/2017,-9.7,-4.7,0.5,198,0,58,21.3
12/03/2017,-13.4,-5.3,2,198,0,58,21.3
13/03/2017,-10.5,-4.8,0.6,198,0,58,21.3
14/03/2017,-12.4,-7.6,-4.3,198,0,58,21.3
15/03/2017,-13.4,-10.1,-5.8,198,0,56,22.3
16/03/2017,-12.9,-9,-3.1,198,0,56,22.3
17/03/2017,-17.5,-10.4,-3.2,198,0,56,22.3
18/03/2017,-21.5,-11.3,-3.6,198,0,56,22.3
19/03/2017,-13.2,-7.7,0.4,198,0,56,22.3
20/03/2017,-18.3,-7.7,2.1,198,0,56,22.3
21/03/2017,-11.8,-5,1.4,198,0,56,22.3
22/03/2017,-9.7,-4.2,2.1,198,0,56,22.3
23/03/2017,-11.6,-4.4,2.3,198,0,56,22.3
24/03/2017,-10.9,-5.1,1.7,198,0,56,22.3
25/03/2017,-13.9,-5.7,1.4,198,0,56,22.3
26/03/2017,-13.1,-6.1,1.4,198,0,56,22.3
27/03/2017,-12.2,-3.6,5.8,198,0,56,22.3
28/03/2017,-8.8,-3.1,1.3,198,3,56,22.3
29/03/2017,-3.9,-1.2,2.1,201,5,58,21.7
30/03/2017,-12.3,-3.8,0.4,206,3,64,20.8
31/03/2017,-1.4,1,2.8,208,3,64,20.8
01/04/2017,0.2,4.4,10.1,211,0,61,20.8
02/04/2017,-1.1,2.8,6.4,211,0,56,21.8
03/04/2017,-4,2.2,6.3,211,0,56,21.4
04/04/2017,-0.2,3.8,8.2,211,0,53,21.9
05/04/2017,2.2,5.9,10.7,211,0,51,22.5
06/04/2017,-0.1,4.5,11.5,211,0,46,23.3
07/04/2017,-3.9,3.3,11.2,211,0,41,25
08/04/2017,-5.8,1.4,9.3,211,0,36,27.9
09/04/2017,-4.9,2.2,9.4,211,0,36,25.7
10/04/2017,-4.7,2.8,8.4,211,0,33,26.9
11/04/2017,-2.2,3.9,9.4,211,0,30,26.7
12/04/2017,-0.3,5.2,12.8,211,0,28,26.4
13/04/2017,-1,5.9,12.9,211,0,25,24
14/04/2017,-1.8,5.3,13.3,211,0,23,21.1
15/04/2017,-4.6,3.9,12.4,211,0,18,20
16/04/2017,-2.9,2.4,7.1,211,0,15,18.3
17/04/2017,-0.8,4.3,9.8,211,0,13,
18/04/2017,-2.1,4.3,10.2,211,0,10,
19/04/2017,-2.8,4.7,11.7,211,0,5,
20/04/2017,-0.6,5.1,12.7,211,0,0,
21/04/2017,-2.8,5.1,12.9,211,0,0,
22/04/2017,-0.7,6.4,13.2,211,0,0,
23/04/2017,1.3,7.7,14.3,211,0,0,
24/04/2017,2.6,5.6,8.8,211,0,0,
25/04/2017,1.9,6.1,10.9,211,3,0,
26/04/2017,1.6,7.3,14.2,213,0,0,
27/04/2017,1.2,6,12.2,213,0,0,
28/04/2017,2.8,6.3,11.4,213,3,0,
29/04/2017,-0.8,6.6,12.9,216,0,0,
30/04/2017,0,6,12.4,216,0,0,
01/05/2017,1.7,6.8,12.9,216,0,0,
02/05/2017,-0.1,7.4,13.8,216,0,0,
03/05/2017,3.8,9.7,15.9,216,0,0,
04/05/2017,2.8,7.9,13.6,216,0,0,
05/05/2017,-1.2,7.6,15.4,216,0,0,
06/05/2017,0.1,8.1,16.7,216,0,0,
07/05/2017,4.3,8.6,13.9,216,0,0,
08/05/2017,0.2,9.1,16.7,216,0,0,
09/05/2017,4.9,10.5,15.9,216,0,0,
10/05/2017,2.2,10.6,19.8,216,0,0,
11/05/2017,3.7,11.6,20.1,216,0,0,
12/05/2017,3.3,10.7,18.4,216,0,0,
13/05/2017,1.7,6.2,13.1,216,8,0,
14/05/2017,3.4,7.7,14,224,0,0,
15/05/2017,0.8,10.2,18.9,224,0,0,
16/05/2017,4.5,11.7,18.6,224,0,0,
17/05/2017,4.5,9.5,13.3,224,0,0,
18/05/2017,4.6,6.7,10.3,224,5,0,
19/05/2017,3.4,6.9,10.8,229,0,0,
20/05/2017,2.2,7.4,14,229,0,0,
21/05/2017,2.9,7.6,12,229,3,0,
22/05/2017,4.9,8.3,13.2,231,3,0,
23/05/2017,3.4,7.4,12.6,234,0,0,
24/05/2017,3.7,5.6,7.8,234,10,0,
25/05/2017,1.6,6.5,11.4,244,0,0,
26/05/2017,1.7,5.2,9.1,244,3,0,
27/05/2017,0.8,5.8,11.1,246,0,0,
28/05/2017,3,5.2,7.6,246,5,0,
29/05/2017,4,6.6,11.3,251,5,0,
30/05/2017,1.4,8.8,16.2,257,0,0,
31/05/2017,1.8,12.2,21.6,257,0,0,
01/06/2017,5.4,15.3,25.7,257,0,0,
02/06/2017,5.8,13.9,21.8,257,0,0,
03/06/2017,6.4,13.4,21.9,257,0,0,
04/06/2017,5.7,13,19.3,257,0,0,
05/06/2017,6.9,9.9,13,257,5,0,
06/06/2017,4.6,12.4,19.9,262,0,0,
07/06/2017,10.8,14.6,19.4,262,0,0,
08/06/2017,9.1,13.9,19.9,262,0,0,
09/06/2017,11.6,16.2,21.7,262,0,0,
10/06/2017,9.9,12.6,15.1,262,3,0,
11/06/2017,8.1,11.8,17.1,264,3,0,
12/06/2017,7.5,11.1,15.6,267,0,0,
13/06/2017,6.7,10.3,14.1,267,0,0,
14/06/2017,5.6,12,18.9,267,0,0,
15/06/2017,2.6,11.1,22.2,267,0,0,
16/06/2017,-0.9,11.6,19.9,267,0,0,
17/06/2017,8.8,13.5,18.7,267,0,0,
18/06/2017,5.4,11.5,19.4,267,0,0,
19/06/2017,4.3,13.2,22.7,267,0,0,
20/06/2017,8.5,10.4,12,267,5,0,
21/06/2017,5.7,11.6,19.1,272,0,0,
22/06/2017,7.8,10.9,14.3,272,0,0,
23/06/2017,7.7,10.7,14.3,272,0,0,
24/06/2017,4.4,13.6,24.4,272,0,0,
25/06/2017,6.8,14.8,21.7,272,0,0,
26/06/2017,8,11.1,16.3,272,0,0,
27/06/2017,8.4,10.7,14.1,272,3,0,
28/06/2017,8.2,12.4,18.9,274,0,0,
29/06/2017,8.7,12.2,15.1,274,5,0,
30/06/2017,9,12,17.8,279,3,0,
01/07/2017,10,15,22.7,282,0,0,
02/07/2017,9.6,10.9,12.2,282,3,0,
03/07/2017,8.8,12.1,17.2,284,3,0,
04/07/2017,8.8,13.6,20.2,287,0,0,
05/07/2017,8.8,15.2,22.9,287,0,0,
06/07/2017,8.1,16.4,26.9,287,0,0,
07/07/2017,11,16,21.9,287,0,0,
08/07/2017,8.6,12.8,18.8,287,13,0,
09/07/2017,8.6,12.9,19.6,300,3,0,
10/07/2017,6.7,13.3,18.9,302,0,0,
11/07/2017,10.5,14.9,21.4,302,0,0,
12/07/2017,9.7,18.8,29.2,302,0,0,
13/07/2017,9.1,17.9,27.9,302,0,0,
14/07/2017,14.2,16.8,20.8,302,0,0,
15/07/2017,12.7,16.8,22.6,302,0,0,
16/07/2017,9.5,15.2,23.1,302,0,0,
17/07/2017,9.1,13.9,19.3,302,0,0,
18/07/2017,11.7,12.9,14.3,302,8,0,
19/07/2017,11.4,13.6,16.9,310,3,0,
20/07/2017,10.8,16.3,23.1,312,0,0,
21/07/2017,10.2,16.8,24.8,312,0,0,
22/07/2017,10,17.5,27.9,312,0,0,
23/07/2017,11.1,18.1,24.1,312,0,0,
24/07/2017,11.9,14.8,17.2,312,0,0,
25/07/2017,11.7,13.3,16.8,312,0,0,
26/07/2017,11.1,13.6,16.7,312,8,0,
27/07/2017,10.7,16.2,22.5,320,0,0,
28/07/2017,9.5,13.8,17,320,0,0,
29/07/2017,11.1,15.8,23.4,320,0,0,
30/07/2017,10.9,16.9,23.6,320,0,0,
31/07/2017,13.6,16.6,20.4,320,3,0,
01/08/2017,10.8,14.8,19.8,323,0,0,
02/08/2017,11.6,13.6,15.7,323,5,0,
03/08/2017,11.7,12.9,14.5,328,5,0,
04/08/2017,10.7,14.8,22,333,0,0,
05/08/2017,8.4,17.2,28.3,333,0,0,
06/08/2017,11.5,17.1,24.6,333,0,0,
07/08/2017,8.3,13.7,20.4,333,0,0,
08/08/2017,10.9,15.8,21.3,333,0,0,
09/08/2017,10.6,14.8,20.1,333,0,0,
10/08/2017,11.7,14.8,20.3,333,5,0,
11/08/2017,9.6,12.5,16.3,338,5,0,
12/08/2017,9.9,12.4,17.6,343,8,0,
13/08/2017,8.7,11.5,15.7,351,3,0,
14/08/2017,6.9,12.1,18.2,353,0,0,
15/08/2017,9.8,12.9,17.7,353,0,0,
16/08/2017,8.2,10.3,13.8,353,8,0,
17/08/2017,7.7,10.2,13.6,361,5,0,
18/08/2017,8.3,9.5,11.3,366,10,0,
19/08/2017,8,10.6,15.4,376,0,0,
20/08/2017,8.6,9.6,10.5,376,23,0,
21/08/2017,6.4,12,19.4,399,0,0,
22/08/2017,7.6,13.9,21.3,399,0,0,
23/08/2017,9.4,11.6,14.7,399,3,0,
24/08/2017,9.9,11.2,13.1,401,15,0,
25/08/2017,9.4,11.9,17,417,0,0,
26/08/2017,9.4,11.7,16.2,417,8,0,
27/08/2017,6.3,11.7,18.7,424,0,0,
28/08/2017,7.1,12,18.1,424,0,0,
29/08/2017,8.6,10.9,15.7,424,5,0,
30/08/2017,9.2,11.8,16.6,429,0,0,
31/08/2017,8.3,9.6,10.8,429,10,0,
01/09/2017,6.6,9.4,13.5,439,5,0,
02/09/2017,5.7,9.3,14.4,444,0,0,
03/09/2017,6.2,8.7,12.3,444,3,0,
04/09/2017,6.8,10.6,16.4,447,0,0,
05/09/2017,6.2,9,12.4,447,15,0,
06/09/2017,6.9,10.2,12.3,462,3,0,
07/09/2017,6.8,8.9,12.3,465,0,0,
08/09/2017,6.2,11.3,18.2,465,0,0,
09/09/2017,6.5,10.3,16.3,465,0,0,
10/09/2017,7.1,9.2,12.1,465,3,0,
11/09/2017,7.4,9.9,14.8,467,0,0,
12/09/2017,5.1,8.7,10.9,467,0,0,
13/09/2017,8.4,10.2,12.6,467,0,0,
14/09/2017,7.6,8.9,10.8,467,10,0,
15/09/2017,7,9.8,13.8,478,0,0,
16/09/2017,6.7,9.1,12.6,478,5,0,
17/09/2017,6.6,10.9,17.1,483,0,0,
18/09/2017,7.3,8.7,11.6,483,15,0,
19/09/2017,3.6,7.5,13.5,498,0,0,
20/09/2017,1.8,5.2,9.5,498,0,0,
21/09/2017,3.4,4.8,5.8,498,23,0,
22/09/2017,4.2,5.2,6.1,521,28,0,
23/09/2017,5.6,6.9,8.3,549,8,0,
24/09/2017,5.2,7.1,9.6,556,5,0,
25/09/2017,3.9,6.1,9.7,561,3,0,
26/09/2017,1.7,6.3,12.5,564,0,0,
27/09/2017,4,6.9,10.7,564,0,0,
28/09/2017,3.7,6.8,10.3,564,0,0,
29/09/2017,0.3,4.8,8.8,564,5,0,
30/09/2017,-7.3,4.1,11.9,569,0,0,
01/10/2017,-1.2,4.3,9.9,0,0,0,
02/10/2017,4.7,5.5,6.5,0,15,0,
03/10/2017,5.2,6.9,9.6,15,5,0,
04/10/2017,6.3,7.5,10.3,20,5,0,
05/10/2017,5.1,5.9,6.7,25,13,0,
06/10/2017,2.1,5.8,10.8,38,0,0,
07/10/2017,-1.4,2.9,6.3,38,10,0,
08/10/2017,2.4,4.7,6.8,48,15,0,
09/10/2017,-0.3,5.3,9.4,64,0,0,
10/10/2017,-1.6,1.5,5.3,64,0,0,
11/10/2017,-1.6,2.1,6.9,64,0,0,
12/10/2017,0.4,2.4,3.4,64,13,0,
13/10/2017,0.9,2.6,3.9,76,3,0,
14/10/2017,-0.8,1.8,4.3,79,0,0,
15/10/2017,-7.8,-2.1,2.2,79,0,0,
16/10/2017,-13.5,-5.3,1.8,79,0,0,
17/10/2017,-11,-7.3,-3.6,79,0,0,
18/10/2017,-17.9,-8.2,-2.5,79,0,0,
19/10/2017,-12.9,-9.5,-7.2,79,0,0,
20/10/2017,-20,-11.7,-4.6,79,0,0,
21/10/2017,-9.5,-6.4,-3.4,79,3,0,
22/10/2017,-10.9,-5.9,-3.6,81,0,0,
23/10/2017,-9.5,-5.4,-2.2,81,3,0,
24/10/2017,-8.2,-5.2,-3.7,84,20,0,
25/10/2017,-4.2,-2.4,-0.2,104,23,15,
26/10/2017,-1.6,-0.9,0.2,127,20,18,18.6
27/10/2017,-3.5,-0.7,1.4,147,3,13,26
28/10/2017,-3.7,-1.6,0.2,150,0,10,30
29/10/2017,-2.8,-1.6,-0.6,150,8,10,30
30/10/2017,-2,-1.3,-0.7,157,18,10,32.5
31/10/2017,-4.5,-1.7,0.9,175,0,5,65
01/11/2017,-6.6,-3.6,1.5,175,0,5,65
02/11/2017,-8.9,-5.9,-3.9,175,0,5,65
03/11/2017,-8.6,-5.5,-2.8,175,0,8,40
04/11/2017,-8.6,-6,-3.6,175,0,5,60
05/11/2017,-5.8,-4.4,-2.7,175,0,8,40
06/11/2017,-6.8,-4.4,-2.3,175,0,8,40
07/11/2017,-11.1,-7.8,-4.3,175,0,8,40
08/11/2017,-22.2,-15.3,-10.2,175,0,8,36.7
09/11/2017,-25.1,-20,-15.9,175,0,8,33.3
10/11/2017,-25.4,-16.8,-10.8,175,0,8,33.3
11/11/2017,-21.5,-16.5,-13.3,175,0,8,33.3
12/11/2017,-24.1,-20.7,-17.3,175,0,8,33.3
13/11/2017,-23.6,-15.8,-10.4,175,0,8,
14/11/2017,-20.1,-15.7,-11.4,175,0,8,
15/11/2017,-23.2,-18.7,-14.3,175,0,8,
16/11/2017,-19.4,-12.3,-10,175,5,8,
17/11/2017,-19.6,-14.2,-9.1,180,0,13,20
18/11/2017,-16.9,-13,-9.1,180,0,13,20
19/11/2017,-14.6,-13.7,-12.5,180,5,13,20
20/11/2017,-20.9,-14,-11.3,185,0,20,15
21/11/2017,-29.7,-21.5,-16.6,185,0,20,15
22/11/2017,-34.3,-23.8,-17.8,185,0,18,17.1
23/11/2017,-20.7,-14.5,-8.1,185,0,18,17.1
24/11/2017,-12.2,-8.8,-5.4,185,0,18,17.1
25/11/2017,-18.8,-11.6,-7.9,185,0,18,17.1
26/11/2017,-20.3,-14.4,-9.8,185,0,18,17.1
27/11/2017,-14,-7.3,-4.3,185,0,20,15
28/11/2017,-9,-5.8,-2.5,185,0,20,15
29/11/2017,-8.7,-4,-0.5,185,0,20,15
30/11/2017,-15.8,-10.2,-4.2,185,0,18,17.1
01/12/2017,-20.6,-14.8,-8,185,0,18,17.1
02/12/2017,-8,-4.4,-2.7,185,18,18,17.1
03/12/2017,-2.7,-0.7,1.3,203,13,33,13.8
04/12/2017,-0.8,1.2,3.4,216,3,36,16.4
05/12/2017,-1.4,0.6,2.6,218,5,30,20
06/12/2017,-7.3,-3.1,1.9,224,0,33,19.2
07/12/2017,-6.2,-2.3,0.3,224,38,30,20.8
08/12/2017,-1.7,0,0.6,262,3,58,17
09/12/2017,-4.9,-1.3,0.8,264,3,53,19
10/12/2017,-3.2,0.1,2.4,264,0,53,19.5
11/12/2017,-0.2,2.6,4.9,264,3,51,20.5
12/12/2017,-1.6,-0.2,1.5,267,3,46,23.3
13/12/2017,-2.4,1.1,3.8,269,3,43,25.3
14/12/2017,-8.7,-3.1,0.7,272,0,43,25.9
15/12/2017,-3.6,-1.7,0.3,272,0,41,27.5
16/12/2017,-3.6,-0.3,1.2,272,5,41,27.5
17/12/2017,-16.8,-6.5,-3,277,0,46,25.6
18/12/2017,-22.2,-18.4,-12.4,277,0,46,25.6
19/12/2017,-12.7,-7.8,-4.7,277,13,46,25.6
20/12/2017,-9.8,-6.9,-5.2,290,0,64,20.4
21/12/2017,-14.6,-9.4,-6,290,0,61,21.2
22/12/2017,-22.1,-18,-13.8,290,0,61,21.2
23/12/2017,-22.7,-17.8,-14.9,290,0,58,22.2
24/12/2017,-19,-12.1,-7.2,290,0,58,22.2
25/12/2017,-9.8,-5.5,-2.3,290,0,56,23.2
26/12/2017,-24,-16.1,-6.4,290,0,56,23.2
27/12/2017,-33.3,-26.3,-21.7,290,0,56,23.2
28/12/2017,-33.8,-24.8,-19.3,290,0,53,24.3
29/12/2017,-21.2,-18.5,-15.6,290,0,53,24.3
30/12/2017,-16.9,-15.6,-14.3,290,0,53,24.3
31/12/2017,-14.3,-11.2,-6.8,290,0,53,24.3
01/01/2018,-8.5,-5.6,-2.4,290,3,53,24.3
02/01/2018,-14.7,-6.6,0.6,292,5,53,24.8
03/01/2018,-13.8,-11.6,-9.9,297,0,51,27
04/01/2018,-22,-16.4,-11.8,297,0,51,27
05/01/2018,-31.9,-25.5,-19.3,297,0,51,27
06/01/2018,-31.4,-24.4,-20.4,297,0,51,27
07/01/2018,-29.4,-26.1,-22.8,297,0,51,27
08/01/2018,-33.1,-27.4,-19.6,297,0,51,27
09/01/2018,-28.7,-20.1,-14.6,297,0,51,27
10/01/2018,-32.1,-27.8,-22.5,297,0,51,27
11/01/2018,-23.9,-16.1,-10.4,297,0,51,27
12/01/2018,-13.1,-8.4,-5.2,297,0,51,27
13/01/2018,-12.6,-5.6,-0.9,297,0,51,27
14/01/2018,-15.9,-12.3,-4.2,297,0,51,27
15/01/2018,-16.4,-11.3,-4.7,297,0,51,27
16/01/2018,-6.4,-3.5,-1.7,297,0,51,27
17/01/2018,-11.3,-5.5,-2.6,297,0,51,27
18/01/2018,-18,-11.6,-5.8,297,0,51,27
19/01/2018,-18.8,-13.7,-9.7,297,0,51,27
20/01/2018,-12.4,-9.8,-7.2,297,0,51,27
21/01/2018,-15,-14,-12.4,297,0,51,27
22/01/2018,-13.7,-11.7,-9.7,297,0,51,27
23/01/2018,-18.1,-13.2,-11.8,297,0,51,27
24/01/2018,-21.1,-17.4,-15,297,0,51,27
25/01/2018,-20.2,-19.4,-18.1,297,0,51,27
26/01/2018,-23.3,-19.6,-14.6,297,0,51,27
27/01/2018,-30.3,-25.2,-18.3,297,0,51,27
28/01/2018,-30.3,-19.7,-9,297,0,51,27
29/01/2018,-12,-9.8,-7.5,297,0,51,27
30/01/2018,-14.3,-10.6,-6.7,297,0,51,27
31/01/2018,-17.2,-13.8,-10.8,297,0,51,27
01/02/2018,-20.6,-14.5,-10.4,297,0,51,27
02/02/2018,-20.7,-13.6,-6.8,297,0,51,27
03/02/2018,-22.3,-17.3,-13,297,0,51,27
04/02/2018,-32.1,-26,-17.8,297,0,51,27
05/02/2018,-36.8,-26.7,-14.8,297,0,51,27
06/02/2018,-16.4,-10.3,-5.7,297,8,51,27
07/02/2018,-26.7,-18.6,-11.4,305,0,64,22.8
08/02/2018,-31.7,-23.9,-11.3,305,0,61,23.8
09/02/2018,-33.2,-27.4,-18.6,305,0,61,23.8
10/02/2018,-32.8,-17.8,-8.4,305,0,61,23.8
11/02/2018,-12.1,-7.8,-2.7,305,8,61,23.8
12/02/2018,-5.3,-2.5,-0.7,310,13,66,23.1
13/02/2018,-10.9,-6.4,-2.8,323,0,76,21.3
14/02/2018,-9.2,-5.5,-3,323,3,74,22.1
15/02/2018,-17.6,-11.8,-5.1,325,0,76,21.7
16/02/2018,-23.3,-14.9,-9.1,325,0,76,21.7
17/02/2018,-26.2,-18.7,-10,325,0,74,22.4
18/02/2018,-20.8,-12.6,-5.8,325,0,71,23.2
19/02/2018,-14.2,-8.4,-3.3,325,0,74,22.4
20/02/2018,-17.2,-11,-6.4,325,0,74,22.4
21/02/2018,-15.1,-10.1,-4.5,325,0,71,23.2
22/02/2018,-16.9,-8.2,-0.2,325,0,71,23.2
23/02/2018,-10.2,-6.4,-1.3,325,0,71,23.2
24/02/2018,-20.4,-8.7,-5.3,325,0,71,23.2
25/02/2018,-25.5,-17.4,-11.1,325,0,74,22.4
26/02/2018,-12.3,-10.2,-7.2,325,0,71,23.2
27/02/2018,-17.1,-11.1,-6.7,325,0,74,22.4
28/02/2018,-19.7,-13,-7.8,325,0,71,23.2
01/03/2018,-20.5,-13.1,-5.7,325,0,71,23.2
02/03/2018,-16.9,-10.3,-4.8,325,0,71,23.2
03/03/2018,-17.7,-9.8,-5.9,325,3,71,23.2
04/03/2018,-26.3,-16.4,-6.3,328,0,74,22.8
05/03/2018,-25.6,-16.7,-7.8,328,0,74,22.8
06/03/2018,-28.6,-17.6,-9.3,328,8,71,23.6
07/03/2018,-17.7,-11.3,-6.8,333,0,79,22.3
08/03/2018,-11.3,-6.3,-3.4,333,23,76,23
09/03/2018,-9.6,-3.2,1.4,356,3,97,20.5
10/03/2018,-17.6,-8.2,-0.9,358,0,91,21.9
11/03/2018,-17.1,-7.3,-0.6,358,0,89,22.6
12/03/2018,-11.9,-6.8,-1,358,0,89,22.6
13/03/2018,-11.3,-5.6,0.4,358,0,86,23.2
14/03/2018,-10.3,-3,4,358,0,84,23.9
15/03/2018,-16.5,-5.3,0.7,358,5,84,23.9
16/03/2018,-2.5,-0.7,1.4,363,13,86,23.5
17/03/2018,-0.8,1.1,4.2,376,3,89,23.7
18/03/2018,-1.4,0.1,2.7,376,0,84,25.5
19/03/2018,-6.6,-0.8,2,376,3,79,27.1
20/03/2018,-13.3,-5.1,1.1,376,0,76,28.3
21/03/2018,-8.1,-4.4,-0.1,376,0,76,28
22/03/2018,-11.6,-4.9,2.2,376,0,76,27.7
23/03/2018,-15.1,-5.2,3.3,376,0,76,27.7
24/03/2018,-14.2,-4.7,3.3,376,0,76,27.3
25/03/2018,-16.6,-6.1,2,376,0,76,27.3
26/03/2018,-18.5,-7.2,1.7,376,0,76,27.3
27/03/2018,-12.8,-4.6,1.9,376,0,76,26.3
28/03/2018,-2.8,-0.9,1.4,376,0,76,26.3
29/03/2018,-6.3,-1.4,3.2,376,0,76,26.3
30/03/2018,-6,-1.1,3.6,376,0,76,26.3
31/03/2018,-10.2,-2.4,4,376,0,76,26.3
01/04/2018,-13.2,-2.2,7.2,376,0,74,27.2
02/04/2018,-7.1,-1.2,4.9,376,0,74,27.2
03/04/2018,-12.1,-4.3,0.3,376,0,74,27.2
04/04/2018,-13.1,-6.5,-3.7,376,13,74,27.2
05/04/2018,-8.4,-1.9,3.8,389,18,89,24
06/04/2018,-11.3,-1.3,6.6,406,0,94,23.5
07/04/2018,-8.3,0.7,6,406,0,91,24.2
08/04/2018,-6.3,2,8.9,406,0,86,25.6
09/04/2018,-3,1.1,6.9,406,0,84,26.4
10/04/2018,-4.3,1,6.3,406,0,79,27.7
11/04/2018,-4.7,1.3,7.4,406,0,76,28.3
12/04/2018,-7.7,0.8,8.1,406,0,71,30
13/04/2018,-5.9,1.6,9.1,406,0,69,30
14/04/2018,-3.4,1.4,5.8,406,0,66,30
15/04/2018,-8.9,0.6,7.6,406,0,64,30
16/04/2018,-8.1,0.6,7.7,406,0,61,30.4
17/04/2018,-7.4,0.2,6.5,406,0,58,30.4
18/04/2018,-2.1,2.6,8.6,406,0,58,29.6
19/04/2018,-2.8,3.1,9.4,406,0,56,30
20/04/2018,-1.9,1.8,5.6,406,0,53,29
21/04/2018,-0.8,3.3,8.9,406,0,48,28.9
22/04/2018,-3.5,2.6,9.2,406,0,46,26.7
23/04/2018,-0.8,3.3,8.1,406,0,43,25.3
24/04/2018,-0.3,1.8,4.4,406,28,36,23.6
25/04/2018,0.4,2.7,6.2,434,3,33,22.3
26/04/2018,-0.6,2.4,6,437,0,23,16.7
27/04/2018,0,1.9,5.4,437,0,13,
28/04/2018,-0.6,1.1,3,437,5,5,
29/04/2018,0.6,2.3,3.9,442,3,3,
30/04/2018,2.1,4,6.4,444,0,0,
01/05/2018,-0.7,3.5,8.6,444,0,0,
02/05/2018,-2.3,2.4,7.1,444,0,0,
03/05/2018,-0.8,1.4,5.1,444,3,0,
04/05/2018,0,1.3,4.3,447,15,0,
05/05/2018,1.3,3.1,7.1,462,0,0,
06/05/2018,0.9,3.4,7.3,462,0,0,
07/05/2018,-1.4,2.9,8.7,462,0,0,
08/05/2018,-2.7,3.6,8.4,462,0,0,
09/05/2018,1.7,6.1,11.3,462,3,0,
10/05/2018,4.3,6.9,12.4,465,8,0,
11/05/2018,2,4.7,9.1,472,5,0,
12/05/2018,1.1,4.9,9.3,478,0,0,
13/05/2018,0.1,6.4,11.9,478,0,0,
14/05/2018,2.6,6.8,11.9,478,0,0,
15/05/2018,2.5,4.9,8.7,478,3,0,
16/05/2018,0.8,4.7,7.8,480,0,0,
17/05/2018,3.1,6,9.5,480,3,0,
18/05/2018,3.8,6.4,9.4,483,8,0,
19/05/2018,4.4,8.1,11.7,490,0,0,
20/05/2018,4.6,8.1,12.7,490,0,0,
21/05/2018,4.3,8.1,15.1,490,0,0,
22/05/2018,1.6,8.3,14.7,490,0,0,
23/05/2018,5.1,9.2,12.5,490,0,0,
24/05/2018,1.8,8.6,14.5,490,0,0,
25/05/2018,2.8,9.3,15.8,490,0,0,
26/05/2018,4.4,11.7,19.1,490,0,0,
27/05/2018,5,11.1,19.8,490,5,0,
28/05/2018,3.3,7,13.1,495,3,0,
29/05/2018,3,6.4,11.1,498,0,0,
30/05/2018,1.9,4.8,8.7,498,5,0,
31/05/2018,-0.2,6.7,13.3,503,0,0,
01/06/2018,3.1,10.1,17.8,503,0,0,
02/06/2018,3.8,11.3,19.6,503,0,0,
03/06/2018,1.6,8,14.3,503,3,0,
04/06/2018,-0.3,6.6,14.6,505,0,0,
05/06/2018,1.5,6.9,15.2,505,3,0,
06/06/2018,2.5,6.4,13.8,508,0,0,
07/06/2018,1.4,8.1,15,508,0,0,
08/06/2018,3.7,8.4,15.2,508,3,0,
09/06/2018,2.3,8,15.6,511,0,0,
10/06/2018,-1.2,5.8,14.1,511,0,0,
11/06/2018,-2.1,2.9,8,511,0,0,
12/06/2018,-4.3,1.6,8.5,511,0,0,
13/06/2018,-2,3.8,11.2,511,0,0,
14/06/2018,0.3,7.2,13.9,511,0,0,
15/06/2018,-0.2,2.7,6.1,511,20,0,
16/06/2018,0.2,2.2,4.3,531,5,0,
17/06/2018,1.7,3.6,7.3,536,3,0,
18/06/2018,1.4,3.4,5.7,538,28,0,
19/06/2018,1.4,5.1,11.6,566,0,0,
20/06/2018,2.1,7.6,14.7,566,0,0,
21/06/2018,2.6,5.3,8.8,566,0,0,
22/06/2018,1.3,4.5,9.3,566,0,0,
23/06/2018,1.1,5.1,11.1,566,0,0,
24/06/2018,-0.2,3.2,9.1,566,0,0,
25/06/2018,0,4.3,9.8,566,0,0,
26/06/2018,-1,4.7,10.6,566,0,0,
27/06/2018,0.7,4.6,8.9,566,0,0,
28/06/2018,1.1,5.2,11,566,0,0,
29/06/2018,1.6,6.2,13.6,566,0,0,
30/06/2018,1.2,6.3,12.7,566,0,0,
01/07/2018,0.6,6.6,16.7,566,0,0,
02/07/2018,-4.4,8.9,20.3,566,0,0,
03/07/2018,4.4,13.8,23.3,566,0,0,
04/07/2018,5.9,13.6,22.3,566,0,0,
05/07/2018,7.6,13,20.3,566,0,0,
06/07/2018,7.2,15.5,23.7,566,0,0,
07/07/2018,6.1,13.2,20.6,566,0,0,
08/07/2018,4.9,7.2,9.5,566,3,0,
09/07/2018,3.7,5.7,8.3,569,10,0,
10/07/2018,3.2,6.4,11.1,579,3,0,
11/07/2018,3.6,7,12.1,582,0,0,
12/07/2018,-0.2,5.8,12.3,582,0,0,
13/07/2018,2.4,6,13.1,582,0,0,
14/07/2018,2.2,5.8,10.6,582,3,0,
15/07/2018,2.6,6.6,14.7,584,5,0,
16/07/2018,2.8,6.6,13.1,589,8,0,
17/07/2018,1.5,7.8,15.3,597,0,0,
18/07/2018,-0.7,7.6,16.3,597,0,0,
19/07/2018,-0.7,8.7,17,597,0,0,
20/07/2018,-0.6,5.5,13.3,597,0,0,
21/07/2018,-0.7,8.4,19.3,597,0,0,
22/07/2018,3,8.9,17.2,597,0,0,
23/07/2018,1.3,7.1,11.2,597,0,0,
24/07/2018,5.3,9,13.8,597,0,0,
25/07/2018,4.4,7.2,10.3,597,5,0,
26/07/2018,4.7,7.2,10.4,602,3,0,
27/07/2018,3.4,7.2,13,605,3,0,
28/07/2018,2.2,7.2,12.7,607,0,0,
29/07/2018,4.2,9.2,15,607,0,0,
30/07/2018,5.2,9.9,15.9,607,0,0,
31/07/2018,4.3,9.7,17.4,607,0,0,
01/08/2018,-0.3,5.1,8.6,607,0,0,
02/08/2018,-1.7,2.3,5,607,8,0,
03/08/2018,1.1,6.8,14.6,615,0,0,
04/08/2018,-0.1,6.7,12.3,615,0,0,
05/08/2018,2.5,4.7,6.9,615,0,0,
06/08/2018,,,,615,0,0,
07/08/2018,,,,615,3,0,
08/08/2018,,,,617,0,0,
09/08/2018,,,,617,0,0,
10/08/2018,,,,617,0,0,
11/08/2018,,,,617,8,0,
12/08/2018,,,,625,10,0,
13/08/2018,,,,635,0,0,
14/08/2018,,,,635,0,0,
15/08/2018,,,,635,0,0,
16/08/2018,,,,635,0,0,
17/08/2018,,,,635,3,0,
18/08/2018,,,,638,0,0,
19/08/2018,,,,638,5,0,
20/08/2018,,,,643,10,0,
21/08/2018,,,,653,10,0,
22/08/2018,,,,663,3,0,
23/08/2018,,,,665,3,0,
24/08/2018,,,,668,8,0,
25/08/2018,,,,676,0,0,
26/08/2018,,,,676,10,0,
27/08/2018,,,,686,0,0,
28/08/2018,,,,686,0,0,
29/08/2018,,,,686,0,0,
30/08/2018,,,,686,0,0,
31/08/2018,,,,686,0,0,
01/09/2018,,,,686,0,0,
02/09/2018,,,,686,0,0,
03/09/2018,,,,686,0,0,
04/09/2018,,,,686,0,0,
05/09/2018,,,,686,0,0,
06/09/2018,,,,686,0,0,
07/09/2018,,,,686,0,0,
08/09/2018,,,,686,0,0,
09/09/2018,,,,686,0,0,
10/09/2018,,,,686,0,0,
11/09/2018,,,,686,0,0,
12/09/2018,,,,686,0,0,
13/09/2018,,,,686,0,0,
14/09/2018,,,,686,0,0,
15/09/2018,,,,686,0,0,
16/09/2018,,,,686,0,0,
17/09/2018,,,,686,0,0,
18/09/2018,,,,686,0,0,
19/09/2018,,,,686,3,0,
20/09/2018,,,,688,0,0,
21/09/2018,,,,688,0,0,
22/09/2018,,,,688,13,0,
23/09/2018,,,,701,0,0,
24/09/2018,,,,701,36,0,
25/09/2018,,,,737,3,0,
26/09/2018,,,,739,0,0,
27/09/2018,,,,739,0,0,
28/09/2018,,,,739,0,0,
29/09/2018,,,,739,0,0,
30/09/2018,,,,739,0,0,
01/10/2018,,,,0,0,0,
02/10/2018,,,,0,0,0,
03/10/2018,,,,0,0,0,
04/10/2018,,,,0,5,0,
05/10/2018,,,,5,5,0,
06/10/2018,,,,10,0,0,
07/10/2018,,,,10,3,0,
08/10/2018,,,,13,3,0,
09/10/2018,,,,15,0,0,
10/10/2018,,,,15,5,0,
11/10/2018,,,,20,3,0,
12/10/2018,,,,23,33,0,
13/10/2018,,,,56,38,0,
14/10/2018,,,,94,3,0,
15/10/2018,,,,97,41,0,
16/10/2018,,,,137,28,0,
17/10/2018,,,,165,5,0,
18/10/2018,,,,170,3,0,
19/10/2018,,,,173,0,0,
20/10/2018,,,,173,3,0,
21/10/2018,,,,175,5,0,
22/10/2018,,,,180,0,0,
23/10/2018,,,,180,8,0,
24/10/2018,,,,188,0,0,
25/10/2018,,,,188,3,0,
26/10/2018,,,,190,0,0,
27/10/2018,,,,190,0,0,
28/10/2018,,,,190,0,0,
29/10/2018,,,,190,0,0,
30/10/2018,,,,190,0,0,
31/10/2018,,,,190,0,0,
01/11/2018,,,,190,0,0,
02/11/2018,,,,190,0,0,
03/11/2018,,,,190,0,0,
04/11/2018,,,,190,0,0,
05/11/2018,,,,190,0,0,
06/11/2018,,,,190,0,0,
07/11/2018,,,,190,0,0,
08/11/2018,,,,190,0,0,
09/11/2018,,,,190,0,0,
10/11/2018,,,,190,0,0,
11/11/2018,,,,190,28,0,
12/11/2018,,,,218,10,13,
13/11/2018,,,,229,3,10,
14/11/2018,,,,231,0,8,
15/11/2018,,,,231,0,8,
16/11/2018,,,,231,3,8,
17/11/2018,,,,234,3,8,
18/11/2018,,,,236,33,8,33.3
19/11/2018,,,,269,5,5,50
20/11/2018,,,,274,3,5,50
21/11/2018,,,,274,0,5,55
22/11/2018,,,,274,0,5,
23/11/2018,,,,274,0,5,
24/11/2018,,,,274,3,5,
25/11/2018,,,,277,5,5,50
26/11/2018,,,,279,5,13,24
27/11/2018,,,,284,0,8,46.7
28/11/2018,,,,284,3,8,46.7
29/11/2018,,,,287,0,8,46.7
30/11/2018,,,,287,3,8,46.7
01/12/2018,,,,290,8,10,35
02/12/2018,,,,297,10,20,21.2
03/12/2018,,,,307,5,30,17.5
04/12/2018,,,,307,3,28,20.9
05/12/2018,,,,310,0,30,19.2
06/12/2018,,,,310,10,28,20.9
07/12/2018,,,,320,18,30,21.7
08/12/2018,,,,338,5,30,25
09/12/2018,,,,343,0,30,25.8
10/12/2018,,,,343,3,28,28.2
11/12/2018,,,,345,10,30,25.8
12/12/2018,,,,356,0,41,21.2
13/12/2018,,,,356,0,41,21.2
14/12/2018,,,,356,0,38,22.7
15/12/2018,,,,356,5,38,22.7
16/12/2018,,,,361,10,41,21.9
17/12/2018,,,,371,0,48,20.5
18/12/2018,,,,371,0,48,20.5
19/12/2018,,,,371,3,48,20.5
20/12/2018,,,,371,0,48,21.1
21/12/2018,,,,371,13,46,22.2
22/12/2018,,,,384,0,53,20
23/12/2018,,,,384,0,51,21
24/12/2018,,,,384,0,51,21
25/12/2018,,,,384,0,48,22.1
26/12/2018,,,,384,0,48,22.1
27/12/2018,,,,384,3,48,22.1
28/12/2018,,,,384,0,48,22.6
29/12/2018,,,,384,0,48,22.6
30/12/2018,,,,384,13,48,22.6
31/12/2018,,,,396,18,64,18.8
01/01/2019,,,,414,5,69,19.6
02/01/2019,,,,417,0,66,21.2
03/01/2019,,,,417,0,61,22.9
04/01/2019,,,,417,0,61,22.9
05/01/2019,,,,417,0,61,22.9
06/01/2019,,,,417,0,58,23.9
07/01/2019,,,,417,0,58,23.9
08/01/2019,,,,417,0,58,23.9
09/01/2019,,,,417,0,58,23.9
10/01/2019,,,,417,0,58,23.9
11/01/2019,,,,417,0,58,23.9
12/01/2019,,,,417,0,58,23.9
13/01/2019,,,,417,0,58,23.9
14/01/2019,,,,417,0,61,22.9
15/01/2019,,,,417,0,61,22.9
16/01/2019,,,,417,0,61,22.9
17/01/2019,,,,417,0,58,23.9
18/01/2019,,,,417,0,58,23.9
19/01/2019,,,,417,0,58,23.9
20/01/2019,,,,417,0,58,23.9
21/01/2019,,,,417,0,58,23.9
22/01/2019,,,,417,0,58,23.9
23/01/2019,,,,417,0,58,23.9
24/01/2019,,,,417,0,58,23.9
25/01/2019,,,,417,0,58,23.9
26/01/2019,,,,417,0,58,23.9
27/01/2019,,,,417,0,58,23.9
28/01/2019,,,,417,13,58,23.9
29/01/2019,,,,429,18,69,21.9
30/01/2019,,,,447,5,71,21.4
31/01/2019,,,,452,0,69,23
01/02/2019,,,,452,0,66,23.8
02/02/2019,,,,452,0,66,23.8
03/02/2019,,,,452,5,66,23.8
04/02/2019,,,,457,0,71,22.9
05/02/2019,,,,457,5,71,22.9
06/02/2019,,,,462,0,76,22
07/02/2019,,,,462,0,76,22
08/02/2019,,,,462,0,74,22.8
09/02/2019,,,,462,0,76,22
10/02/2019,,,,462,0,74,22.8
11/02/2019,,,,462,0,74,22.8
12/02/2019,,,,462,0,74,22.8
13/02/2019,,,,462,0,74,22.8
14/02/2019,,,,462,0,74,22.8
15/02/2019,,,,462,0,74,22.8
16/02/2019,,,,462,5,74,22.8
17/02/2019,,,,467,30,74,22.8
18/02/2019,,,,498,3,94,20.3
19/02/2019,,,,500,0,97,20
20/02/2019,,,,500,0,97,20
21/02/2019,,,,500,0,97,20
22/02/2019,,,,500,0,97,20
23/02/2019,,,,500,0,94,20.5
24/02/2019,,,,500,0,94,20.5
25/02/2019,,,,500,0,94,20.5
26/02/2019,,,,500,0,91,21.1
27/02/2019,,,,500,0,91,21.1
28/02/2019,,,,500,0,91,21.1
01/03/2019,,,,500,0,91,21.1
02/03/2019,,,,500,0,89,21.7
03/03/2019,,,,500,0,89,21.7
04/03/2019,,,,500,0,89,21.7
05/03/2019,-10.8,-4.7,-0.6,500,0,89,21.7
06/03/2019,-5.6,-2.3,0.6,500,0,89,21.7
07/03/2019,-1.2,0,1.7,500,5,89,21.7
08/03/2019,-1.4,0.4,2.7,505,0,94,21.1
09/03/2019,-0.9,0.7,4.6,505,5,94,21.1
10/03/2019,-1.4,1.6,6.1,511,0,94,21.4
11/03/2019,-0.7,2.3,4.6,511,3,91,21.9
12/03/2019,-6.6,-1.2,1.6,511,0,86,23.5
13/03/2019,-3.8,-0.6,3,511,0,86,23.5
14/03/2019,-2.1,0.8,3.4,511,3,86,23.5
15/03/2019,-3.6,0.3,1.9,513,0,86,23.8
16/03/2019,0.7,2.3,5.3,513,3,86,23.8
17/03/2019,1.2,2.4,4.7,516,8,86,24.1
18/03/2019,1.3,3.3,5.9,521,5,84,25.8
19/03/2019,-1.7,2.1,5.5,526,0,79,27.1
20/03/2019,-1.2,1.2,3,526,0,79,26.8
21/03/2019,0.3,3.2,6.6,526,0,79,26.8
22/03/2019,1.6,4.1,7.5,526,0,76,27.7
23/03/2019,1.3,4.5,9.3,526,0,74,28.6
24/03/2019,-0.3,4.5,7.4,526,0,71,28.9
25/03/2019,1.9,4.4,8.6,526,0,69,29.3
26/03/2019,0.3,3.9,8.8,526,0,66,29.2
27/03/2019,-1.7,3.9,9.2,526,0,64,29.6
28/03/2019,-1.8,4.4,11.2,526,0,64,29.2
29/03/2019,-0.3,4.2,9.7,526,0,61,29.6
30/03/2019,-2.9,3.2,8.6,526,0,61,28.3
31/03/2019,-3.7,3.6,11.4,526,0,58,29.1
01/04/2019,-5.6,2.3,11.2,526,0,58,28.3
02/04/2019,-6.7,1.5,9.4,526,0,56,28.6
03/04/2019,-1.6,3.1,7.6,526,0,56,27.7
04/04/2019,-3.2,0.7,5.4,526,0,53,28.1
05/04/2019,-2.8,1.4,6.2,526,0,53,27.6
06/04/2019,-2.9,0.6,2.8,526,0,53,26.2
07/04/2019,-0.8,5.2,11.7,526,0,53,26.2
08/04/2019,-0.2,5,11.5,526,3,48,25.8
09/04/2019,-0.9,4.9,9.8,528,0,46,24.4
10/04/2019,-4.5,2.9,10.6,528,0,43,21.2
11/04/2019,0.5,3.9,7.3,528,0,36,22.1
12/04/2019,1.6,3.9,7.6,528,3,36,20.7
13/04/2019,-2.3,3.2,9.4,531,0,30,20
14/04/2019,-2.3,3.6,9.5,531,0,25,19
15/04/2019,-4.8,2.9,10.4,531,0,20,13.8
16/04/2019,-1.2,3.8,9.8,531,0,15,
17/04/2019,0.8,2.9,6.6,531,0,10,
18/04/2019,0.4,3.1,7.6,531,0,5,
19/04/2019,-0.4,1.7,5.6,531,3,0,
20/04/2019,-2,1.3,5.3,533,3,0,
21/04/2019,-0.2,1.6,4.1,536,5,0,
22/04/2019,-2.2,1.4,4.3,541,0,0,
23/04/2019,-4.2,1.3,6.4,541,0,0,
24/04/2019,-4.2,1.8,7.5,541,0,0,
25/04/2019,0.5,4.6,9.9,541,0,0,
26/04/2019,-0.2,5.6,10.7,541,0,0,
27/04/2019,-1.2,5.7,13.4,541,0,0,
28/04/2019,-2.3,5.6,12.7,541,0,0,
29/04/2019,-0.9,5.6,12.5,541,0,0,
30/04/2019,3.1,7.6,13.3,541,0,0,
01/05/2019,1.1,8.8,16.3,541,0,0,
02/05/2019,4.9,7.4,11.4,541,0,0,
03/05/2019,3.4,7.6,13.4,541,0,0,
04/05/2019,3.6,8.2,13.1,541,0,0,
05/05/2019,0.8,5.3,9.3,541,3,0,
06/05/2019,3.7,6.4,11.5,544,5,0,
07/05/2019,5,8.3,14,549,3,0,
08/05/2019,5.6,7.4,11.2,551,10,0,
09/05/2019,2.7,7.9,13.7,561,0,0,
10/05/2019,5.4,9.1,14.6,561,0,0,
11/05/2019,5.8,7.9,10.6,561,0,0,
12/05/2019,4.6,7.9,12.2,561,3,0,
13/05/2019,3.4,7.9,13.1,564,0,0,
14/05/2019,4.9,10.6,17.6,564,0,0,
15/05/2019,5.8,11.3,17.3,564,0,0,
16/05/2019,6.2,8.9,12.7,564,3,0,
17/05/2019,3.6,9.2,14.9,566,0,0,
18/05/2019,3.6,9.9,16,566,0,0,
19/05/2019,5,11.1,16.2,566,0,0,
20/05/2019,6.8,9.8,13.6,566,8,0,
21/05/2019,4.4,12.3,19.3,574,0,0,
22/05/2019,4.6,11.4,19.1,574,0,0,
23/05/2019,8.4,11.4,14.4,574,0,0,
24/05/2019,7.8,11.6,17.4,574,3,0,
25/05/2019,7.4,10.6,15.1,577,0,0,
26/05/2019,8.1,9.3,10.3,577,25,0,
27/05/2019,7.7,11.7,16.9,602,0,0,
28/05/2019,7.3,12.2,17.8,602,0,0,
29/05/2019,7.2,11.9,18.6,602,0,0,
30/05/2019,7.3,11.6,16.2,602,0,0,
31/05/2019,7.8,12.8,19.1,602,0,0,
01/06/2019,6.6,12.2,16.6,602,0,0,
02/06/2019,4.9,12.1,18.7,602,0,0,
03/06/2019,5.8,12.6,22.1,602,3,0,
04/06/2019,6.5,14.2,22.5,605,0,0,
05/06/2019,8.4,14.6,22.6,605,3,0,
06/06/2019,8.5,15.9,23.8,607,0,0,
07/06/2019,8.2,14.7,23.4,607,28,0,
08/06/2019,10.1,13.6,19.1,635,10,0,
09/06/2019,9.9,14.2,19.4,645,0,0,
10/06/2019,8,15.8,24.3,645,0,0,
11/06/2019,8.1,15.9,24.3,645,0,0,
12/06/2019,10.6,16.1,21.3,645,0,0,
13/06/2019,8.5,15.4,23.4,645,0,0,
14/06/2019,8.5,14.4,19.7,645,0,0,
15/06/2019,10.8,13.6,17.6,645,5,0,
16/06/2019,9.4,13.9,20.7,650,0,0,
17/06/2019,10.4,14.6,20.7,650,0,0,
18/06/2019,9.2,14.8,20.7,650,0,0,
19/06/2019,10.3,15.3,22.6,650,0,0,
20/06/2019,9.2,16.5,25.1,650,0,0,
21/06/2019,10.3,17.1,25.7,650,0,0,
22/06/2019,9.4,16.2,24.6,650,0,0,
23/06/2019,12.6,20.7,28.8,650,0,0,
24/06/2019,13.7,20.2,27.1,650,0,0,
25/06/2019,10.6,17.4,25.1,650,0,0,
26/06/2019,10.7,17.2,27,650,0,0,
27/06/2019,11.7,20.8,30.4,650,0,0,
28/06/2019,12.4,21.5,31.7,650,0,0,
29/06/2019,13.2,21.8,32.1,650,0,0,
30/06/2019,13.4,19.6,27.2,650,0,0,
01/07/2019,11.8,19.8,27.6,650,0,0,
02/07/2019,12.6,20.7,27.6,650,0,0,
03/07/2019,13.1,22,31.6,650,0,0,
04/07/2019,16,24.2,32.7,650,0,0,
05/07/2019,14.5,24.1,34.8,650,0,0,
06/07/2019,12.2,22.3,34.1,650,0,0,
07/07/2019,13.3,23.1,34.1,650,0,0,
08/07/2019,13.2,22.1,31.6,650,0,0,
09/07/2019,13.7,20.5,28.3,650,0,0,
10/07/2019,12.5,15.1,18.8,650,0,0,
11/07/2019,11.4,14.2,17.2,650,23,0,
12/07/2019,13.1,15.4,18.2,673,0,0,
13/07/2019,11.7,16.1,20.6,673,0,0,
14/07/2019,13.4,15.7,18.2,673,0,0,
15/07/2019,11.6,15.7,22.7,673,0,0,
16/07/2019,9.5,16.7,24.3,673,0,0,
17/07/2019,11.2,17.3,25.8,673,0,0,
18/07/2019,10.9,20.1,28.9,673,0,0,
19/07/2019,13.6,19.7,26.4,673,0,0,
20/07/2019,12.4,17.2,21.8,673,0,0,
21/07/2019,9.6,18,26.3,673,0,0,
22/07/2019,11.6,19.1,27.7,673,0,0,
23/07/2019,11.5,16,24,673,0,0,
24/07/2019,13,14.7,18.6,673,15,0,
25/07/2019,10.9,15.3,19.2,688,0,0,
26/07/2019,9.8,12.9,14.9,688,3,0,
27/07/2019,10.8,13.6,18.8,691,10,0,
28/07/2019,9.7,13.6,18.1,701,0,0,
29/07/2019,9.1,14.7,23.9,701,0,0,
30/07/2019,9.3,16.4,23.8,701,0,0,
31/07/2019,9.3,15.5,21.6,701,0,0,
01/08/2019,12.3,14.7,17.8,701,0,0,
02/08/2019,12.7,16,21.6,701,0,0,
03/08/2019,12.6,15.2,17.8,701,0,0,
04/08/2019,12.1,16,20.3,701,0,0,
05/08/2019,14,16.6,19.3,701,0,0,
06/08/2019,12.9,18.8,26.2,701,0,0,
07/08/2019,12.5,19.1,26.2,701,0,0,
08/08/2019,10.3,17.9,25.5,701,0,0,
09/08/2019,10.5,18.4,26.3,701,0,0,
10/08/2019,10.2,18.1,25.6,701,0,0,
11/08/2019,9.7,17.7,25.9,701,0,0,
12/08/2019,8.1,16.8,25.9,701,0,0,
13/08/2019,14.6,17,20.6,701,0,0,
14/08/2019,14.6,18.9,25.2,701,0,0,
15/08/2019,14.6,19.2,25,701,0,0,
16/08/2019,12.7,18.8,26.8,701,0,0,
17/08/2019,8.3,15.6,20.9,701,0,0,
18/08/2019,7.3,13.4,18.9,701,0,0,
19/08/2019,4,11.3,18.4,701,0,0,
20/08/2019,1.1,9.6,17.9,701,0,0,
21/08/2019,2.1,10.1,18.9,701,0,0,
22/08/2019,3.7,11.6,20.7,701,0,0,
23/08/2019,4.6,12,21.2,701,0,0,
24/08/2019,4.2,12.7,21.2,701,0,0,
25/08/2019,2.3,10.9,19.9,701,0,0,
26/08/2019,4.9,12.3,21.1,701,0,0,
27/08/2019,4.4,12.8,21.9,701,0,0,
28/08/2019,4.6,12.8,21.7,701,0,0,
29/08/2019,5.6,10.8,19.2,701,0,0,
30/08/2019,5.7,10.8,16.3,701,0,0,
31/08/2019,9.3,11.4,13.9,701,0,0,
01/09/2019,9.8,11.7,14.1,701,3,0,
02/09/2019,10.7,12.3,15.1,704,8,0,
03/09/2019,10.1,12.1,14.7,711,8,0,
04/09/2019,8.1,12.2,18.3,719,0,0,
05/09/2019,4.8,10,16.8,719,0,0,
06/09/2019,4.8,9.7,15.4,719,0,0,
07/09/2019,5.4,9,11.5,719,13,0,
08/09/2019,9.7,12.4,18.1,732,0,0,
09/09/2019,9.9,12.2,15.9,732,3,0,
10/09/2019,9.1,11.7,15.7,734,0,0,
11/09/2019,6.2,10.8,16.2,734,0,0,
12/09/2019,8.7,10.3,12,734,13,0,
13/09/2019,9.7,11.8,15.8,747,5,0,
14/09/2019,6.4,11,16.9,752,0,0,
15/09/2019,6.4,8.9,11.3,752,23,0,
16/09/2019,7.4,12,19.9,775,3,0,
17/09/2019,4.5,10.1,14.9,777,15,0,
18/09/2019,7.7,9.1,10.2,792,46,0,
19/09/2019,9.3,11.1,14.5,838,3,0,
20/09/2019,7.9,9.8,13.2,841,13,0,
21/09/2019,3.3,9.2,11.2,853,0,0,
22/09/2019,-1.1,4.9,11.1,853,0,0,
23/09/2019,1.8,7.4,14.3,853,0,0,
24/09/2019,0.8,5.7,10.6,853,0,0,
25/09/2019,-1.2,2.3,7.4,853,8,0,
26/09/2019,-1.4,4.2,11.6,861,0,0,
27/09/2019,-2.8,3,9.4,861,0,0,
28/09/2019,2.6,5.3,8.2,861,0,0,
29/09/2019,4.7,5.9,6.9,861,30,0,
30/09/2019,4.9,7.9,10.6,892,5,0,
01/10/2019,6.8,8.1,10.2,0,3,0,
02/10/2019,2.7,7,12.1,3,0,0,
03/10/2019,0.4,4.6,10.9,3,0,0,
04/10/2019,1.7,5.6,8.9,3,3,0,
05/10/2019,-1.4,3.3,9.1,5,0,0,
06/10/2019,-2.4,2.4,8.4,5,0,0,
07/10/2019,-4.5,0.8,5.8,5,3,0,
08/10/2019,0.8,1.2,1.9,8,10,0,
09/10/2019,0.8,2,3,18,18,0,
10/10/2019,2.4,3.6,6.2,36,10,0,
11/10/2019,3.3,5.3,8.1,46,5,0,
12/10/2019,-2.1,3.7,8.1,48,3,,
13/10/2019,-4.9,-0.6,5.4,48,0,,
14/10/2019,-5.6,-1.1,5.6,48,0,,
15/10/2019,-5,0,6.1,48,0,,
16/10/2019,-1.7,1.1,3.9,48,3,,
17/10/2019,-1.7,3.3,8.3,51,,0,
18/10/2019,-2.2,1.1,6.7,48,0,,
19/10/2019,-2.2,1.1,3.3,48,3,0,
20/10/2019,0,2.8,5,51,0,,
21/10/2019,1.7,2.2,3.3,51,0,0,
22/10/2019,1.1,2.2,3.9,51,3,0,
23/10/2019,2.2,4.4,7.2,53,3,0,
24/10/2019,3.9,5,6.1,56,10,,
25/10/2019,0,3.3,6.7,66,3,,
26/10/2019,0,1.7,2.8,69,3,0,
27/10/2019,2.2,3.9,5,71,23,0,
28/10/2019,4.4,6.1,7.8,94,18,0,
29/10/2019,4.4,6.7,8.3,112,3,0,
30/10/2019,2.8,5.6,7.8,114,0,0,
31/10/2019,0,2.2,2.8,114,8,0,
01/11/2019,1.1,2.8,3.9,122,5,,
02/11/2019,1.1,2.2,3.9,127,0,0,
03/11/2019,0,1.7,2.8,127,0,0,
04/11/2019,-1.7,0,2.2,127,0,0,
05/11/2019,-2.2,0,1.7,127,5,,
06/11/2019,0.6,1.1,2.2,132,5,0,
07/11/2019,1.7,2.8,4.4,137,5,,
08/11/2019,1.1,3.9,7.2,142,0,0,
09/11/2019,-2.2,0.6,5,142,0,,
10/11/2019,-2.2,0.6,1.7,142,0,0,
11/11/2019,-1.7,1.1,3.3,142,3,0,
12/11/2019,-3.9,-1.1,3.3,142,0,,
13/11/2019,-3.3,0,2.2,142,8,,
14/11/2019,0.6,1.1,1.1,150,13,3,
15/11/2019,1.1,1.7,2.2,163,3,3,100
16/11/2019,0,0.6,1.7,165,5,3,100
17/11/2019,-5,-2.8,0.6,170,3,5,60
18/11/2019,-6.1,-3.9,-2.8,173,0,8,40
19/11/2019,-4.4,-2.8,-1.7,173,20,8,40
20/11/2019,-2.8,0,4.4,193,10,23,21.1
21/11/2019,1.1,2.2,3.9,203,5,20,26.2
22/11/2019,0,1.1,2.2,208,10,18,31.4
23/11/2019,-3.3,0.6,2.8,218,3,15,38.3
24/11/2019,-12.2,-7.8,-3.3,218,,15,40
25/11/2019,-14.4,-7.8,-5,216,,15,38.3
26/11/2019,-15.6,-11.1,-7.2,213,5,15,38.3
27/11/2019,-7.2,-5.6,-2.2,218,43,15,35
28/11/2019,-2.8,-1.1,1.1,257,69,48,20
29/11/2019,0.6,1.1,1.7,312,5,99,16.7
30/11/2019,-1.7,1.1,2.8,318,13,89,19.1
01/12/2019,-3.3,-2.2,-1.1,328,8,69,26.7
02/12/2019,-3.9,-2.8,-1.7,335,3,66,28.8
03/12/2019,-7.8,-5,-3.3,338,0,64,30
04/12/2019,-20.6,-10.6,-6.1,338,0,61,31.2
05/12/2019,-25.6,-19.4,-11.7,338,0,58,32.2
06/12/2019,-11.7,-7.8,-5,338,3,58,32.2
07/12/2019,-5,-2.2,0.6,338,13,58,32.6
08/12/2019,-3.3,1.7,3.9,345,8,64,32
09/12/2019,0.6,2.8,6.1,348,3,61,34.6
10/12/2019,-10,-3.3,2.8,348,0,58,36.5
11/12/2019,-11.7,-6.1,-1.1,348,0,58,36.5
12/12/2019,-3.9,-2.2,0,348,0,58,36.5
13/12/2019,-5,-2.8,-1.7,348,0,58,36.5
14/12/2019,-6.7,-2.8,-1.1,348,5,58,36.5
15/12/2019,-7.2,-3.9,-1.7,351,0,64,34.4
16/12/2019,-11.7,-6.7,-2.2,351,0,61,35.8
17/12/2019,-13.9,-11.1,-7.2,351,0,61,35.8
18/12/2019,-17.8,-10.6,-7.2,351,0,61,35.8
19/12/2019,-22.2,-15.6,-6.1,351,0,61,35.8
20/12/2019,-23.3,-15.6,-7.2,351,0,61,35.8
21/12/2019,-26.7,-22.8,-20,351,0,61,35.8
22/12/2019,-29.4,-21.1,-11.1,351,0,61,35.8
23/12/2019,-11.1,-8.9,-7.2,351,0,61,35.8
24/12/2019,-10.6,-7.2,-5,351,0,61,35.8
25/12/2019,-9.4,-7.8,-6.1,351,0,66,33.1
26/12/2019,-14.4,-10,-6.7,351,0,71,30.7
27/12/2019,-21.1,-17.2,-13.9,351,0,69,31.9
28/12/2019,-15.6,-13.9,-12.2,351,0,69,31.9
29/12/2019,-15.6,-10,-3.9,351,5,69,31.9
30/12/2019,-4.4,-1.1,1.1,356,25,81,27.5
31/12/2019,-3.3,1.1,2.8,381,5,89,26.6
01/01/2020,-19.4,-11.7,-3.3,381,0,84,28.8
02/01/2020,-29.4,-18.3,-14.4,381,0,81,29.7
03/01/2020,-33.3,-24.4,-19.4,381,0,81,29.7
04/01/2020,-38.3,-32.8,-22.8,381,0,81,29.7
05/01/2020,-40,-37.2,-30,381,0,81,29.7
06/01/2020,-40.6,-37.2,-31.7,381,0,79,30.6
07/01/2020,-41.1,-37.8,-31.7,381,0,79,30.6
08/01/2020,-41.1,-37.8,-30.6,381,0,79,30.6
09/01/2020,-40.6,-32.8,-21.7,381,0,79,30.6
10/01/2020,-35.6,-26.1,-20,381,0,79,30.6
11/01/2020,-36.7,-29.4,-20,381,0,79,30.6
12/01/2020,-36.1,-19.4,-10.6,381,0,79,30.6
13/01/2020,-31.1,-23.9,-11.7,381,0,79,30.6
14/01/2020,-33.9,-22.2,-6.7,381,0,79,30.6
15/01/2020,-20,-13.9,-9.4,381,0,81,29.7
16/01/2020,-19.4,-13.3,-7.2,381,0,81,29.7
17/01/2020,-32.2,-23.3,-13.3,381,0,81,29.7
18/01/2020,-30,-21.7,-18.3,381,0,81,29.7
19/01/2020,-33.9,-27.2,-17.8,381,0,79,30.6
20/01/2020,-17.8,-8.3,-6.1,381,13,79,30.6
21/01/2020,-17.8,-10.6,-8.3,391,0,91,27.8
22/01/2020,-30.6,-20.6,-13.3,391,0,91,27.8
23/01/2020,-32.8,-15,-8.3,391,0,89,28.6
24/01/2020,-12.8,-11.1,-9.4,391,0,89,28.6
25/01/2020,-19.4,-16.1,-11.7,391,0,89,28.6
26/01/2020,-21.1,-16.7,-13.9,391,0,89,28.6
27/01/2020,-21.7,-18.9,-16.7,391,0,89,28.6
28/01/2020,-20,-16.1,-9.4,391,0,86,29.4
29/01/2020,-15.6,-8.3,-5.6,391,0,86,29.4
30/01/2020,-21.1,-13.3,-6.7,391,0,89,28.6
31/01/2020,-22.8,-15.6,-12.2,391,0,89,28.6
01/02/2020,-32.2,-17.8,-10.6,391,0,89,28.6
02/02/2020,-32.8,-21.1,-12.2,391,0,86,29.4
03/02/2020,-12.8,-8.9,-5,391,0,89,28.6
04/02/2020,-5.6,-3.9,-1.7,391,3,89,28.6
05/02/2020,-3.3,-2.8,-1.7,394,0,91,27.8
06/02/2020,-4.4,-2.8,-1.1,394,0,91,27.8
07/02/2020,-4.4,-2.2,0,394,3,91,27.8
08/02/2020,-4.4,0,2.8,396,15,91,27.8
09/02/2020,-1.7,1.7,3.3,411,0,112,23.9
10/02/2020,-22.2,-10,-0.6,411,0,107,25
11/02/2020,-29.4,-17.2,-9.4,411,5,107,25
12/02/2020,-10.6,-6.1,-2.2,417,0,104,25.6
13/02/2020,-20,-10.6,-5,417,0,102,26.2
14/02/2020,-30,-21.1,-11.7,417,0,99,26.9
15/02/2020,-30.6,-23.3,-13.9,417,0,99,26.9
16/02/2020,-30,-20,-10.6,417,0,97,27.6
17/02/2020,-11.7,-7.8,-4.4,417,8,97,27.6
18/02/2020,-4.4,0,1.1,424,20,104,26.3
19/02/2020,-4.4,-1.1,1.1,444,5,122,24.2
20/02/2020,-6.1,-1.7,0,450,3,124,24.1
21/02/2020,-13.9,-6.7,-2.2,452,5,122,24.8
22/02/2020,-12.8,-8.3,-5.6,452,3,124,24.7
23/02/2020,-22.8,-11.1,-6.7,455,0,127,24.4
24/02/2020,-33.9,-18.9,-6.7,455,0,124,24.9
25/02/2020,-18.9,-8.3,-2.2,455,0,122,25.4
26/02/2020,-12.8,-7.8,-1.7,455,0,119,26
27/02/2020,-26.1,-13.9,1.1,455,0,119,26
28/02/2020,-31.7,-19.4,-4.4,455,0,117,26.5
29/02/2020,-30.6,-17.8,-9.4,455,3,117,26.5
01/03/2020,-10,-6.1,-2.2,455,10,122,25.6
02/03/2020,-15,-7.8,-3.9,465,3,130,24.9
03/03/2020,-21.7,-14.4,-10,467,0,130,25.1
04/03/2020,-18.3,-13.9,-7.8,467,0,127,25.6
05/03/2020,-22.2,-13.9,-6.1,467,0,124,26.1
06/03/2020,-29.4,-15.6,-6.1,467,0,122,26.7
07/03/2020,-10,-8.3,-6.7,467,3,122,26.7
08/03/2020,-7.8,-6.1,-3.3,470,5,124,26.3
09/03/2020,-10,-6.7,-1.7,475,0,130,25.7
10/03/2020,-20.6,-10.6,-4.4,475,0,127,26.2
11/03/2020,-22.2,-14.4,-3.9,475,0,124,26.7
12/03/2020,-32.2,-16.7,-4.4,475,0,124,26.7
13/03/2020,-22.8,-12.2,0.6,475,0,122,27.3
14/03/2020,-25,-12.2,0,475,0,122,27.3
15/03/2020,-23.9,-12.2,-0.6,475,0,119,27.9
16/03/2020,-21.7,-8.9,1.7,475,18,119,27.9
17/03/2020,-17.2,-6.1,0,493,3,119,27.9
18/03/2020,-15,-5.6,5,495,0,119,28.1
19/03/2020,-8.3,-3.3,0.6,495,3,119,28.1
20/03/2020,-5,-2.2,0,498,0,119,28.3
21/03/2020,-11.7,-1.7,2.8,498,8,119,28.3
22/03/2020,-11.7,-1.1,3.9,505,0,127,27.2
23/03/2020,-18.3,-6.1,3.9,505,0,124,27.8
24/03/2020,-9.4,-1.7,4.4,505,0,124,27.8
25/03/2020,-8.9,-0.6,5,505,0,122,28.3
26/03/2020,-14.4,-3.3,5,505,,119,28.9
27/03/2020,-7.8,-4.4,-0.6,503,0,119,28.9
28/03/2020,-16.7,-7.2,-1.1,503,0,119,28.9
29/03/2020,-9.4,-4.4,1.1,503,3,119,28.9
30/03/2020,-12.2,-3.3,2.8,505,0,117,29.6
31/03/2020,-25.6,-8.9,1.7,505,0,117,29.6
01/04/2020,-10.6,-4.4,0.6,505,0,117,29.6
02/04/2020,-4.4,-1.1,1.7,505,5,114,30.2
03/04/2020,-2.2,1.7,7.8,511,3,119,29.4
04/04/2020,-2.2,1.1,5.6,511,0,117,30.2
05/04/2020,-2.2,1.7,6.1,511,3,114,30.9
06/04/2020,-12.8,-3.3,1.7,511,3,109,32.6
07/04/2020,-21.1,-8.3,-0.6,511,0,109,32.8
08/04/2020,-8.3,-2.8,3.3,511,0,109,32.8
09/04/2020,-10.6,-2.8,3.3,511,3,109,32.8
10/04/2020,-15,-5,4.4,511,0,109,33
11/04/2020,-10,-1.7,4.4,511,3,109,33
12/04/2020,-0.6,1.1,3.3,513,5,109,33.3
13/04/2020,-1.1,3.3,8.9,518,3,112,32.7
14/04/2020,-2.8,3.3,9.4,521,0,107,32.9
15/04/2020,2.2,4.4,6.1,521,10,104,33.4
16/04/2020,1.7,4.4,7.8,531,0,99,35.4
17/04/2020,1.7,4.4,7.8,531,3,94,36.2
18/04/2020,1.7,4.4,8.3,533,0,86,38.2
19/04/2020,2.2,5.6,9.4,533,0,81,38.8
20/04/2020,2.2,4.4,8.3,533,5,76,38.7
21/04/2020,1.7,3.9,7.2,538,3,71,39.3
22/04/2020,1.1,4.4,10,541,3,66,40.4
23/04/2020,2.2,4.4,8.3,544,0,64,39.6
24/04/2020,1.1,4.4,7.8,544,3,61,39.2
25/04/2020,-1.1,4.4,9.4,546,0,56,39.5
26/04/2020,-1.1,3.9,8.9,546,0,51,40.5
27/04/2020,-3.3,3.9,11.7,546,0,48,39.5
28/04/2020,-3.9,4.4,11.1,546,0,43,40
29/04/2020,-3.3,3.9,11.1,546,0,38,40
30/04/2020,-1.1,5.6,11.1,546,0,36,37.1
01/05/2020,1.1,6.1,11.1,546,0,30,36.7
02/05/2020,0.6,6.7,13.3,546,0,25,35
03/05/2020,2.8,8.3,14.4,546,0,20,30
04/05/2020,2.8,7.2,12.2,546,0,13,26
05/05/2020,0,7.8,13.9,546,0,8,
06/05/2020,1.1,8.9,15.6,546,0,0,
07/05/2020,2.8,8.9,16.7,546,0,0,
08/05/2020,5.6,8.3,14.4,546,0,0,
09/05/2020,5.6,11.7,17.8,546,0,0,
10/05/2020,7.2,12.2,20,546,0,0,
11/05/2020,6.1,8.9,12.2,546,0,0,
12/05/2020,3.9,10,16.7,546,0,0,
13/05/2020,3.9,12.8,21.1,546,0,0,
14/05/2020,5,11.7,18.3,546,0,0,
15/05/2020,7.8,13.9,20.6,546,0,0,
16/05/2020,5,12.2,19.4,546,3,0,
17/05/2020,6.1,12.8,20.6,549,0,0,
18/05/2020,7.2,11.1,17.2,549,5,0,
19/05/2020,7.2,11.7,17.2,554,0,0,
20/05/2020,7.8,12.2,18.3,554,0,0,
21/05/2020,7.2,9.4,12.2,554,8,0,
22/05/2020,6.1,8.9,11.7,561,10,0,
23/05/2020,6.1,9.4,12.8,572,3,0,
24/05/2020,7.8,10.6,13.9,574,10,0,
25/05/2020,6.1,10,14.4,584,0,0,
26/05/2020,6.1,10,15,584,3,0,
27/05/2020,4.4,11.7,18.9,587,0,0,
28/05/2020,6.7,15.6,22.2,587,0,0,
29/05/2020,11.1,16.7,25,587,10,0,
30/05/2020,8.3,12.2,18.3,597,5,0,
31/05/2020,8.3,11.7,15,602,0,0,
01/06/2020,6.7,11.7,17.2,602,0,0,
02/06/2020,8.9,12.8,18.3,602,0,0,
03/06/2020,6.1,13.3,19.4,602,0,0,
04/06/2020,8.3,13.3,21.7,602,3,0,
05/06/2020,7.2,13.9,22.2,605,0,0,
06/06/2020,6.1,13.3,21.7,605,0,0,
07/06/2020,6.7,13.3,23.9,605,3,0,
08/06/2020,8.9,11.1,15.6,607,3,0,
09/06/2020,8.3,11.1,17.2,610,0,0,
10/06/2020,7.2,13.9,20.6,610,0,0,
11/06/2020,8.3,15,21.7,610,0,0,
12/06/2020,6.7,14.4,23.3,610,0,0,
13/06/2020,9.4,15,22.8,610,0,0,
14/06/2020,7.2,15.6,23.9,610,0,0,
15/06/2020,8.9,15.6,22.2,610,0,0,
16/06/2020,7.8,14.4,20.6,610,0,0,
17/06/2020,10,15,21.7,610,0,0,
18/06/2020,7.8,15,22.2,610,0,0,
19/06/2020,7.8,11.1,13.9,610,5,0,
20/06/2020,7.8,12.2,17.8,615,0,0,
21/06/2020,7.8,13.9,20.6,615,0,0,
22/06/2020,10.6,12.8,15,615,3,0,
23/06/2020,8.9,12.8,17.8,617,0,0,
24/06/2020,8.3,12.8,18.3,617,0,0,
25/06/2020,8.9,13.9,18.9,617,0,0,
26/06/2020,7.2,12.2,19.4,617,3,0,
27/06/2020,5.6,14.4,21.7,620,0,0,
28/06/2020,8.3,11.1,13.9,620,5,0,
29/06/2020,8.9,11.7,13.9,625,0,0,
30/06/2020,7.8,15,21.7,625,0,0,
01/07/2020,9.4,16.7,23.9,625,3,0,
02/07/2020,8.9,15.6,21.7,627,0,0,
03/07/2020,10,18.9,26.7,627,0,0,
04/07/2020,11.1,20,27.8,627,0,0,
05/07/2020,13.3,17.8,22.2,627,0,0,
06/07/2020,11.7,15,20.6,627,0,0,
07/07/2020,10.6,16.1,25,627,0,0,
08/07/2020,10,12.8,16.1,627,8,0,
09/07/2020,8.9,16.1,26.1,635,0,0,
10/07/2020,10.6,16.1,24.4,635,0,0,
11/07/2020,11.7,13.9,18.9,635,28,0,
12/07/2020,11.1,13.3,16.1,663,0,0,
13/07/2020,8.9,15,22.2,663,0,0,
14/07/2020,7.8,17.8,26.7,663,0,0,
15/07/2020,10,18.3,26.1,663,0,0,
16/07/2020,13.3,17.8,23.3,663,0,0,
17/07/2020,13.3,15.6,18.3,663,0,0,
18/07/2020,13.3,16.1,19.4,663,0,0,
19/07/2020,12.8,16.1,21.1,663,0,0,
20/07/2020,12.8,17.2,23.3,663,3,0,
21/07/2020,11.7,16.7,23.9,665,0,0,
22/07/2020,10.6,15.6,22.2,665,0,0,
23/07/2020,7.8,15,23.3,665,0,0,
24/07/2020,9.4,12.2,15,665,13,0,
25/07/2020,10,12.8,15.6,678,8,0,
26/07/2020,8.3,14.4,22.2,686,0,0,
27/07/2020,8.3,15,21.1,686,0,0,
28/07/2020,10.6,15.6,22.2,686,,0,
29/07/2020,10,16.7,23.3,683,0,0,
30/07/2020,11.1,16.1,21.1,683,0,0,
31/07/2020,11.1,15.6,20.6,683,3,0,
01/08/2020,12.2,14.4,17.2,686,10,0,
02/08/2020,12.2,14.4,17.2,696,8,0,
03/08/2020,11.1,15,19.4,704,0,0,
04/08/2020,8.3,15.6,23.3,704,0,0,
05/08/2020,10,16.7,24.4,704,0,0,
06/08/2020,11.1,13.3,15,704,0,0,
07/08/2020,10.6,14.4,21.1,704,3,0,
08/08/2020,8.9,12.8,19.4,706,0,0,
09/08/2020,7.8,14.4,21.1,706,0,0,
10/08/2020,11.7,15.6,21.7,706,0,0,
11/08/2020,10.6,12.2,15.6,706,10,0,
12/08/2020,8.3,13.3,20,716,8,0,
13/08/2020,8.3,13.9,21.1,724,0,0,
14/08/2020,7.2,15.6,23.3,724,0,0,
15/08/2020,10.6,17.8,24.4,724,0,0,
16/08/2020,10.6,17.8,26.1,724,0,0,
17/08/2020,6.1,14.4,24.4,724,0,0,
18/08/2020,12.8,15,19.4,724,0,0,
19/08/2020,11.1,15.6,22.8,724,0,0,
20/08/2020,7.8,16.1,25.6,724,0,0,
21/08/2020,9.4,17.2,25.6,724,0,0,
22/08/2020,10.6,15.6,22.2,724,0,0,
23/08/2020,11.1,14.4,17.8,724,0,0,
24/08/2020,9.4,13.3,18.3,724,0,0,
25/08/2020,9.4,12.8,18.3,724,3,0,
26/08/2020,8.3,12.8,19.4,726,10,0,
27/08/2020,6.7,11.7,18.3,737,0,0,
28/08/2020,3.3,11.7,21.7,737,0,0,
29/08/2020,4.4,10.6,17.2,737,0,0,
30/08/2020,8.9,11.1,16.1,737,28,0,
31/08/2020,9.4,11.7,13.9,765,0,0,
01/09/2020,10,12.2,17.8,765,8,0,
02/09/2020,8.9,11.1,13.9,772,10,0,
03/09/2020,7.8,10,12.2,782,5,0,
04/09/2020,5,9.4,15,787,3,0,
05/09/2020,2.8,9.4,17.2,790,0,0,
06/09/2020,2.2,7.8,13.9,790,13,0,
07/09/2020,7.2,10.6,15,803,8,0,
08/09/2020,8.3,11.7,15,810,0,0,
09/09/2020,3.9,9.4,16.1,810,0,0,
10/09/2020,4.4,9.4,15,810,3,0,
11/09/2020,1.1,7.8,15.6,813,0,0,
12/09/2020,0,7.8,17.2,813,0,0,
13/09/2020,0.6,8.3,18.3,813,0,0,
14/09/2020,4.4,8.9,14.4,813,0,0,
15/09/2020,6.7,8.3,11.1,813,0,0,
16/09/2020,8.3,9.4,11.7,813,3,0,
17/09/2020,8.3,9.4,12.2,815,25,0,
18/09/2020,8.9,10.6,13.9,841,0,0,
19/09/2020,6.1,9.4,13.3,841,3,0,
20/09/2020,5,7.8,11.1,843,3,0,
21/09/2020,3.3,7.2,10.6,846,0,0,
22/09/2020,6.1,8.9,12.2,846,0,0,
23/09/2020,7.2,10.6,14.4,846,0,0,
24/09/2020,6.7,9.4,12.8,846,0,0,
25/09/2020,7.2,9.4,15,846,0,0,
26/09/2020,6.7,9.4,13.3,846,0,0,
27/09/2020,4.4,8.3,13.3,846,3,0,
28/09/2020,2.2,7.2,11.7,848,3,0,
29/09/2020,6.7,9.4,12.2,851,0,0,
30/09/2020,6.1,9.4,13.9,851,3,0,
01/10/2020,7.8,11.1,14.4,0,0,0,
02/10/2020,6.7,10,13.9,0,3,0,
03/10/2020,5.6,9.4,11.7,3,3,0,
04/10/2020,3.3,8.3,13.9,5,0,0,
05/10/2020,1.7,8.3,15.6,5,0,0,
06/10/2020,-1.1,6.1,12.8,5,3,0,
07/10/2020,0.6,5,9.4,8,0,0,
08/10/2020,4.4,6.1,8.9,8,0,0,
09/10/2020,3.3,6.7,12.8,8,0,0,
10/10/2020,-1.1,3.9,11.1,8,0,0,
11/10/2020,-1.7,2.8,8.3,8,0,0,
12/10/2020,-1.7,3.3,9.4,8,3,0,
13/10/2020,0.6,3.3,9.4,10,0,0,
14/10/2020,-2.8,1.1,6.1,10,0,0,
15/10/2020,-4.4,-0.6,6.1,10,0,0,
16/10/2020,-5.6,-1.1,3.3,10,0,0,
17/10/2020,-2.8,0,4.4,10,0,0,
18/10/2020,-4.4,0,2.8,10,0,0,
19/10/2020,-5,-1.7,3.3,10,3,0,
20/10/2020,-7.8,-2.8,4.4,13,0,0,
21/10/2020,-4.4,-0.6,5.6,13,0,0,
22/10/2020,-7.2,-2.2,5,13,0,0,
23/10/2020,-3.9,-0.6,1.7,13,0,0,
24/10/2020,0,1.1,2.2,13,0,0,
25/10/2020,0.6,1.1,1.7,13,18,0,
26/10/2020,0,1.7,3.9,30,10,18,
27/10/2020,-6.7,-1.7,4.4,41,3,15,
28/10/2020,-10,-6.1,-0.6,43,0,,
29/10/2020,-10.6,-7.2,-2.2,43,0,,
30/10/2020,-12.2,-7.8,-2.8,43,0,,
31/10/2020,-12.8,-7.8,-2.2,43,0,,
01/11/2020,-11.7,-7.8,-5,43,0,,
02/11/2020,-8.3,-6.1,-3.3,43,0,,
03/11/2020,-15.6,-10,-5.6,43,0,,
04/11/2020,-18.9,-12.2,-5,43,0,,
05/11/2020,-13.3,-10,-7.8,43,0,,
06/11/2020,-9.4,-7.8,-6.1,43,0,,
07/11/2020,-6.7,-5.6,-4.4,43,13,,
08/11/2020,-4.4,-1.7,2.2,56,46,18,15.7
09/11/2020,-7.8,-1.1,2.8,102,0,46,14.4
10/11/2020,-12.8,-6.1,-2.2,102,3,43,15.3
11/11/2020,-2.2,0,2.2,104,8,43,15.9
12/11/2020,-3.3,0.6,1.7,112,3,48,15.8
13/11/2020,-14.4,-7.8,-2.2,114,0,48,16.3
14/11/2020,-12.2,-8.3,-5.6,114,0,46,17.2
15/11/2020,-14.4,-9.4,-3.3,114,0,46,17.2
16/11/2020,-25.6,-15,-7.8,114,0,43,18.2
17/11/2020,-28.9,-23.9,-16.7,114,0,43,18.2
18/11/2020,-28.9,-23.9,-13.3,114,0,41,19.4
19/11/2020,-30.6,-20.6,-9.4,114,0,41,19.4
20/11/2020,-14.4,-8.9,-2.8,114,0,41,19.4
21/11/2020,-14.4,-4.4,0,114,0,38,20.7
22/11/2020,-10.6,-4.4,-2.8,114,0,38,20.7
23/11/2020,-6.7,-1.7,0,114,0,38,20.7
24/11/2020,-17.2,-11.1,-4.4,114,3,38,20.7
25/11/2020,-8.9,-3.9,-1.1,117,3,38,20.7
26/11/2020,-11.1,-5.6,-0.6,119,10,41,20
27/11/2020,-4.4,-2.8,-1.7,130,20,48,18.4
28/11/2020,-3.9,-2.2,0,150,0,58,17.4
29/11/2020,-12.2,-6.1,-2.2,150,0,53,19
30/11/2020,-15,-6.7,-1.7,150,8,53,19
01/12/2020,-1.7,-0.6,0.6,157,20,56,19.1
02/12/2020,-5.6,0,1.7,173,20,71,17.9
03/12/2020,-19.4,-12.2,-5.6,193,0,61,21.7
04/12/2020,-28.9,-17.8,-10.6,193,0,58,22.6
05/12/2020,-30.6,-24.4,-17.8,193,0,58,22.6
06/12/2020,-19.4,-10,-4.4,193,0,58,22.6
07/12/2020,-7.8,-1.7,1.7,193,5,61,21.7
08/12/2020,-3.9,0,1.7,198,5,58,23
09/12/2020,-9.4,-5.6,-2.8,203,0,61,22.5
10/12/2020,-12.2,-8.9,-6.1,203,0,61,22.5
11/12/2020,-20,-13.3,-9.4,203,0,61,22.5
12/12/2020,-18.9,-10.6,-7.8,203,0,58,23.5
13/12/2020,-8.9,-2.8,0.6,203,0,58,23.5
14/12/2020,-5.6,-2.8,-1.1,203,8,58,23.5
15/12/2020,-8.3,-5,-2.8,211,0,64,22.4
16/12/2020,-8.3,-7.2,-6.1,211,0,64,22.4
17/12/2020,-12.2,-8.3,-6.7,211,0,61,23.3
18/12/2020,-17.2,-13.3,-8.9,211,0,61,23.3
19/12/2020,-15,-10,-7.2,211,0,61,23.3
20/12/2020,-15.6,-10,-8.3,211,0,61,23.3
21/12/2020,-10,-7.8,-5.6,211,10,61,23.3
22/12/2020,-5.6,-1.7,1.7,221,3,71,21.4
23/12/2020,-2.2,1.1,2.8,224,5,69,22.6
24/12/2020,-8.3,-3.3,-1.1,229,0,69,23.3
25/12/2020,-10.6,-6.7,-3.3,229,0,69,23.3
26/12/2020,-12.8,-7.8,-5.6,229,0,69,23.3
27/12/2020,-9.4,-5.6,-0.6,229,0,66,24.2
28/12/2020,-6.1,-0.6,1.1,229,8,66,24.2
29/12/2020,-9.4,-6.1,-3.3,236,0,71,23.2
30/12/2020,-13.9,-8.3,-3.3,236,0,71,23.2
31/12/2020,-23.3,-17.8,-11.1,236,0,69,24.1
01/01/2021,-28.3,-25,-19.4,236,0,69,24.1
02/01/2021,-32.8,-29.4,-26.1,236,0,69,24.1
03/01/2021,-34.4,-26.7,-13.9,236,0,69,24.1
04/01/2021,-15,-11.1,-7.2,236,3,69,24.1
05/01/2021,-14.4,-8.9,-7.2,236,3,71,23.6
06/01/2021,-19.4,-11.7,-6.7,236,0,69,24.8
07/01/2021,-12.2,-5,0.6,236,0,69,24.8
08/01/2021,-11.7,-5,-1.1,236,3,69,24.8
09/01/2021,-7.8,-2.8,0,239,0,69,25.2
10/01/2021,-4.4,-1.1,0.6,239,0,71,24.3
11/01/2021,-6.1,-3.3,0,239,0,69,25.2
12/01/2021,-17.2,-6.7,-3.3,239,0,69,25.2
13/01/2021,-12.2,-6.7,-2.8,239,3,71,24.3
14/01/2021,-8.3,-2.8,0.6,241,0,71,24.6
15/01/2021,-10,-3.3,-1.1,241,0,71,24.6
16/01/2021,-11.1,-2.2,2.2,241,0,71,24.6
17/01/2021,-1.1,1.1,1.7,241,5,71,24.6
18/01/2021,-0.6,1.1,2.8,246,0,69,26.3
19/01/2021,-10,-1.7,2.2,246,0,69,26.3
20/01/2021,-6.1,-1.7,0,246,8,69,26.3
21/01/2021,-3.3,-1.7,-0.6,254,0,74,25.2
22/01/2021,-1.1,0,1.7,254,0,74,25.2
23/01/2021,-1.7,1.1,2.2,254,3,74,25.2
24/01/2021,-8.9,-1.7,3.3,257,0,71,26.4
25/01/2021,-16.1,-11.1,-7.2,257,3,71,26.4
26/01/2021,-26.7,-20.6,-12.8,257,3,71,26.8
27/01/2021,-30,-21.7,-11.7,257,3,69,28.1
28/01/2021,-11.7,-8.3,-6.1,259,10,69,28.1
29/01/2021,-14.4,-7.8,-5,269,0,76,26.7
30/01/2021,-23.9,-15,-7.2,269,0,76,26.7
31/01/2021,-27.8,-19.4,-12.2,269,0,76,26.7
01/02/2021,-28.3,-16.7,-9.4,269,0,76,26.7
02/02/2021,-20,-14.4,-10,269,5,76,26.7
03/02/2021,,,,274,,79,24.8
